{
  "timestamp": 1730981105,
  "media": [
    
  ],
  "label_values": [
    {
      "ent_field_name": "UpdateTime",
      "label": "Update time",
      "timestamp_value": 1731640318
    },
    {
      "dict": [
        {
          "dict": [
            {
              "ent_field_name": "Name",
              "label": "Name",
              "value": "Geo Dag"
            },
            {
              "ent_field_name": "PrimaryAlias",
              "label": "Username",
              "value": ""
            },
            {
              "ent_field_name": "PrimaryContactpoint",
              "label": "Primary contact method",
              "value": "georgia.dagher@rhul.ac.uk"
            },
            {
              "dict": [
                {
                  "dict": [
                    {
                      "ent_field_name": "DeduplicatedEmailAddress",
                      "label": "Email address",
                      "value": "georgia.dagher@rhul.ac.uk"
                    }
                  ],
                  "title": ""
                }
              ],
              "title": "Emails"
            },
            {
              "dict": [
                
              ],
              "title": "Phones"
            },
            {
              "ent_field_name": "Time_INTERNAL_ONLY",
              "label": "Date added",
              "timestamp_value": 1730981105
            }
          ],
          "title": ""
        }
      ],
      "title": "Facebook profile"
    },
    {
      "dict": [
        
      ],
      "title": "Meta account"
    },
    {
      "dict": [
        
      ],
      "title": "Instagram profile"
    },
    {
      "dict": [
        
      ],
      "title": "Facebook profile"
    },
    {
      "dict": [
        
      ],
      "title": "Devices and Meta Horizon"
    },
    {
      "dict": [
        
      ],
      "title": "Instagram profiles"
    },
    {
      "dict": [
        
      ],
      "title": "WhatsApp account"
    }
  ],
  "fbid": "519352837917266",
  "ent_name": "MAEntAccount"
}