[
  {
    "timestamp": 1731947412,
    "media": [
      
    ],
    "label_values": [
      {
        "ent_field_name": "VendedServerTabs",
        "label": "Shortcuts",
        "vec": [
          {
            "dict": [
              {
                "label": "Name",
                "value": "News Feed"
              }
            ]
          },
          {
            "dict": [
              {
                "label": "Name",
                "value": "Bookmarks"
              }
            ]
          },
          {
            "dict": [
              {
                "label": "Name",
                "value": "Notifications"
              }
            ]
          },
          {
            "dict": [
              {
                "label": "Name",
                "value": "Video"
              }
            ]
          },
          {
            "dict": [
              {
                "label": "Name",
                "value": "Timeline"
              }
            ]
          },
          {
            "dict": [
              {
                "label": "Name",
                "value": "Suggestions"
              }
            ]
          }
        ]
      }
    ],
    "fbid": "122107904666609959",
    "ent_name": "EntVendedTabs"
  },
  {
    "timestamp": 1730981356,
    "media": [
      
    ],
    "label_values": [
      {
        "ent_field_name": "VendedServerTabs",
        "label": "Shortcuts",
        "vec": [
          {
            "dict": [
              {
                "label": "Name",
                "value": "News Feed"
              }
            ]
          },
          {
            "dict": [
              {
                "label": "Name",
                "value": "Suggestions"
              }
            ]
          },
          {
            "dict": [
              {
                "label": "Name",
                "value": "Groups"
              }
            ]
          }
        ]
      }
    ],
    "fbid": "122098540214609959",
    "ent_name": "EntVendedTabs"
  }
]