{
  "event_responses_v2": {
    "events_joined": [
      {
        "name": "Hannah Gadsby - Woof!",
        "start_timestamp": 1731007800,
        "end_timestamp": 0
      }
    ],
    "events_interested": [
      {
        "name": "Bob Dylan - Rough and Rowdy Ways",
        "start_timestamp": 1731439800,
        "end_timestamp": 0
      },
      {
        "name": "Dzem",
        "start_timestamp": 1731258000,
        "end_timestamp": 0
      },
      {
        "name": "Micky Flanagan - If Ever we needed it...",
        "start_timestamp": 1731182400,
        "end_timestamp": 0
      },
      {
        "name": "Grand Opening Reading Winter Wonderland ",
        "start_timestamp": 1731150000,
        "end_timestamp": 1731189600
      }
    ]
  }
}