[
  {
    "title": "Women Rising Together",
    "timestamp": 1730981657,
    "media": [
      
    ],
    "label_values": [
      {
        "ent_field_name": "ReputationScore",
        "label": "Your contribution points",
        "value": "0"
      },
      {
        "ent_field_name": "InputCategoryScoreMap",
        "label": "How you earned contribution points",
        "dict": [
          
        ]
      },
      {
        "ent_field_name": "UpdateTime",
        "label": "Update time",
        "timestamp_value": 1730981657
      }
    ],
    "fbid": "9312357432125887",
    "ent_name": "EntWithReputationSystemUserMetadata"
  },
  {
    "title": "Nail Designs Ideas",
    "timestamp": 1730981628,
    "media": [
      
    ],
    "label_values": [
      {
        "ent_field_name": "ReputationScore",
        "label": "Your contribution points",
        "value": "0"
      },
      {
        "ent_field_name": "InputCategoryScoreMap",
        "label": "How you earned contribution points",
        "dict": [
          
        ]
      },
      {
        "ent_field_name": "UpdateTime",
        "label": "Update time",
        "timestamp_value": 1730981628
      }
    ],
    "fbid": "8541262599242667",
    "ent_name": "EntWithReputationSystemUserMetadata"
  },
  {
    "title": "Positive Quotes",
    "timestamp": 1730981620,
    "media": [
      
    ],
    "label_values": [
      {
        "ent_field_name": "ReputationScore",
        "label": "Your contribution points",
        "value": "0"
      },
      {
        "ent_field_name": "InputCategoryScoreMap",
        "label": "How you earned contribution points",
        "dict": [
          
        ]
      },
      {
        "ent_field_name": "UpdateTime",
        "label": "Update time",
        "timestamp_value": 1730981620
      }
    ],
    "fbid": "8998463460212257",
    "ent_name": "EntWithReputationSystemUserMetadata"
  },
  {
    "title": "Home Cooking",
    "timestamp": 1730981523,
    "media": [
      
    ],
    "label_values": [
      {
        "ent_field_name": "ReputationScore",
        "label": "Your contribution points",
        "value": "0"
      },
      {
        "ent_field_name": "InputCategoryScoreMap",
        "label": "How you earned contribution points",
        "dict": [
          
        ]
      },
      {
        "ent_field_name": "UpdateTime",
        "label": "Update time",
        "timestamp_value": 1730981523
      }
    ],
    "fbid": "8762987383792786",
    "ent_name": "EntWithReputationSystemUserMetadata"
  },
  {
    "title": "Yummy food recipes",
    "timestamp": 1730981519,
    "media": [
      
    ],
    "label_values": [
      {
        "ent_field_name": "ReputationScore",
        "label": "Your contribution points",
        "value": "0"
      },
      {
        "ent_field_name": "InputCategoryScoreMap",
        "label": "How you earned contribution points",
        "dict": [
          
        ]
      },
      {
        "ent_field_name": "UpdateTime",
        "label": "Update time",
        "timestamp_value": 1730981519
      }
    ],
    "fbid": "8547774621980207",
    "ent_name": "EntWithReputationSystemUserMetadata"
  },
  {
    "title": "Salad Recipes",
    "timestamp": 1730981510,
    "media": [
      
    ],
    "label_values": [
      {
        "ent_field_name": "ReputationScore",
        "label": "Your contribution points",
        "value": "0"
      },
      {
        "ent_field_name": "InputCategoryScoreMap",
        "label": "How you earned contribution points",
        "dict": [
          
        ]
      },
      {
        "ent_field_name": "UpdateTime",
        "label": "Update time",
        "timestamp_value": 1730981510
      }
    ],
    "fbid": "8370294273069729",
    "ent_name": "EntWithReputationSystemUserMetadata"
  },
  {
    "title": "Laugh all the day!",
    "timestamp": 1730981507,
    "media": [
      
    ],
    "label_values": [
      {
        "ent_field_name": "ReputationScore",
        "label": "Your contribution points",
        "value": "0"
      },
      {
        "ent_field_name": "InputCategoryScoreMap",
        "label": "How you earned contribution points",
        "dict": [
          
        ]
      },
      {
        "ent_field_name": "UpdateTime",
        "label": "Update time",
        "timestamp_value": 1730981507
      }
    ],
    "fbid": "27475195675460109",
    "ent_name": "EntWithReputationSystemUserMetadata"
  },
  {
    "title": "LIFE LESSON",
    "timestamp": 1730981484,
    "media": [
      
    ],
    "label_values": [
      {
        "ent_field_name": "ReputationScore",
        "label": "Your contribution points",
        "value": "0"
      },
      {
        "ent_field_name": "InputCategoryScoreMap",
        "label": "How you earned contribution points",
        "dict": [
          
        ]
      },
      {
        "ent_field_name": "UpdateTime",
        "label": "Update time",
        "timestamp_value": 1730981484
      }
    ],
    "fbid": "8762027883890461",
    "ent_name": "EntWithReputationSystemUserMetadata"
  }
]