{
  "groups_joined_v2": [
    {
      "timestamp": 1730981480,
      "data": [
        {
          "name": "LIFE LESSON"
        }
      ],
      "title": "You became a member of LIFE LESSON."
    },
    {
      "timestamp": 1730981503,
      "data": [
        {
          "name": "Laugh all the day!"
        }
      ],
      "title": "Laugh all the day! has approved your request to participate."
    },
    {
      "timestamp": 1730981507,
      "data": [
        {
          "name": "Salad Recipes"
        }
      ],
      "title": "Salad Recipes has approved your request to participate."
    },
    {
      "timestamp": 1730981511,
      "data": [
        {
          "name": "Daily English Speaking"
        }
      ],
      "title": "You became a member of Daily English Speaking."
    },
    {
      "timestamp": 1730981516,
      "data": [
        {
          "name": "Yummy food recipes"
        }
      ],
      "title": "You became a member of Yummy food recipes."
    },
    {
      "timestamp": 1730981521,
      "data": [
        {
          "name": "Home Cooking"
        }
      ],
      "title": "Home Cooking has approved your request to participate."
    },
    {
      "timestamp": 1730981617,
      "data": [
        {
          "name": "Positive Quotes"
        }
      ],
      "title": "You became a member of Positive Quotes."
    },
    {
      "timestamp": 1730981624,
      "data": [
        {
          "name": "Nail Designs Ideas"
        }
      ],
      "title": "You became a member of Nail Designs Ideas."
    },
    {
      "timestamp": 1730981655,
      "data": [
        {
          "name": "Women Rising Together"
        }
      ],
      "title": "You became a member of Women Rising Together."
    }
  ]
}