{
  "likes_media_likes": [
    {
      "title": "agelessathletetv",
      "string_list_data": [
        {
          "href": "https://www.instagram.com/reel/DAh6JyrsftS/",
          "value": "\u00f0\u009f\u0091\u008d",
          "timestamp": 1732024676
        }
      ]
    },
    {
      "title": "natgeo",
      "string_list_data": [
        {
          "href": "https://www.instagram.com/reel/DBbWIlQokcB/",
          "value": "\u00f0\u009f\u0091\u008d",
          "timestamp": 1732024425
        }
      ]
    },
    {
      "title": "jackwhitehall",
      "string_list_data": [
        {
          "href": "https://www.instagram.com/p/DCOSBXcM4hN/",
          "value": "\u00f0\u009f\u0091\u008d",
          "timestamp": 1732022984
        }
      ]
    }
  ]
}