{
  "timestamp": 1730983256,
  "media": [
    
  ],
  "label_values": [
    {
      "ent_field_name": "CreationTime",
      "label": "Creation time",
      "timestamp_value": 1730983252
    },
    {
      "ent_field_name": "UpdateTime",
      "label": "Update time",
      "timestamp_value": 1730983257
    },
    {
      "dict": [
        {
          "dict": [
            {
              "ent_field_name": "UpdateTime",
              "label": "Update time",
              "timestamp_value": 1730983267
            },
            {
              "ent_field_name": "Sticker",
              "label": "Sticker",
              "media": [
                {
                  "uri": "your_facebook_activity/posts/media/stickers_used/465994776_572450435179179_6392297479821350353_n_572450431845846.webp",
                  "ai_stickers": [
                    
                  ]
                }
              ]
            }
          ],
          "title": ""
        },
        {
          "dict": [
            {
              "ent_field_name": "UpdateTime",
              "label": "Update time",
              "timestamp_value": 1730983267
            },
            {
              "ent_field_name": "Sticker",
              "label": "Sticker",
              "media": [
                {
                  "uri": "your_facebook_activity/posts/media/stickers_used/465927300_1033448715195416_449624304872620478_n_1033448711862083.webp",
                  "ai_stickers": [
                    
                  ]
                }
              ]
            },
            {
              "ent_field_name": "ArtifactsTimestamp",
              "timestamp_value": 1730983256
            }
          ],
          "title": ""
        },
        {
          "dict": [
            {
              "ent_field_name": "UpdateTime",
              "label": "Update time",
              "timestamp_value": 1730983267
            },
            {
              "ent_field_name": "Sticker",
              "label": "Sticker",
              "media": [
                {
                  "uri": "your_facebook_activity/posts/media/stickers_used/465993091_449852171458960_1107995949703812948_n_449852168125627.webp",
                  "ai_stickers": [
                    
                  ]
                }
              ]
            },
            {
              "ent_field_name": "ArtifactsTimestamp",
              "timestamp_value": 1730983256
            }
          ],
          "title": ""
        },
        {
          "dict": [
            {
              "ent_field_name": "UpdateTime",
              "label": "Update time",
              "timestamp_value": 1730983267
            },
            {
              "ent_field_name": "Sticker",
              "label": "Sticker",
              "media": [
                {
                  "uri": "your_facebook_activity/posts/media/stickers_used/465968557_1306340094055003_123202580063176626_n_1306340080721671.webp",
                  "ai_stickers": [
                    
                  ]
                }
              ]
            },
            {
              "ent_field_name": "ArtifactsTimestamp",
              "timestamp_value": 1730983256
            }
          ],
          "title": ""
        },
        {
          "dict": [
            {
              "ent_field_name": "UpdateTime",
              "label": "Update time",
              "timestamp_value": 1730983267
            },
            {
              "ent_field_name": "Sticker",
              "label": "Sticker",
              "media": [
                {
                  "uri": "your_facebook_activity/posts/media/stickers_used/466110523_574945961736792_2304536647811318404_n_574945958403459.webp",
                  "ai_stickers": [
                    
                  ]
                }
              ]
            },
            {
              "ent_field_name": "ArtifactsTimestamp",
              "timestamp_value": 1730983256
            }
          ],
          "title": ""
        },
        {
          "dict": [
            {
              "ent_field_name": "UpdateTime",
              "label": "Update time",
              "timestamp_value": 1730983267
            },
            {
              "ent_field_name": "Sticker",
              "label": "Sticker",
              "media": [
                {
                  "uri": "your_facebook_activity/posts/media/stickers_used/465464984_1611836622875929_3867062849022221332_n_1611836619542596.webp",
                  "ai_stickers": [
                    
                  ]
                }
              ]
            },
            {
              "ent_field_name": "ArtifactsTimestamp",
              "timestamp_value": 1730983256
            }
          ],
          "title": ""
        },
        {
          "dict": [
            {
              "ent_field_name": "UpdateTime",
              "label": "Update time",
              "timestamp_value": 1730983267
            },
            {
              "ent_field_name": "Sticker",
              "label": "Sticker",
              "media": [
                {
                  "uri": "your_facebook_activity/posts/media/stickers_used/465937734_1325690378812890_336955165475582766_n_1325690375479557.webp",
                  "ai_stickers": [
                    
                  ]
                }
              ]
            },
            {
              "ent_field_name": "ArtifactsTimestamp",
              "timestamp_value": 1730983256
            }
          ],
          "title": ""
        },
        {
          "dict": [
            {
              "ent_field_name": "UpdateTime",
              "label": "Update time",
              "timestamp_value": 1730983267
            },
            {
              "ent_field_name": "Sticker",
              "label": "Sticker",
              "media": [
                {
                  "uri": "your_facebook_activity/posts/media/stickers_used/465927163_3086550654843561_2743097325133729538_n_3086550648176895.webp",
                  "ai_stickers": [
                    
                  ]
                }
              ]
            },
            {
              "ent_field_name": "ArtifactsTimestamp",
              "timestamp_value": 1730983256
            }
          ],
          "title": ""
        },
        {
          "dict": [
            {
              "ent_field_name": "UpdateTime",
              "label": "Update time",
              "timestamp_value": 1730983267
            },
            {
              "ent_field_name": "Sticker",
              "label": "Sticker",
              "media": [
                {
                  "uri": "your_facebook_activity/posts/media/stickers_used/466115630_2041060413021121_6248095814065485597_n_2041060409687788.webp",
                  "ai_stickers": [
                    
                  ]
                }
              ]
            },
            {
              "ent_field_name": "ArtifactsTimestamp",
              "timestamp_value": 1730983256
            }
          ],
          "title": ""
        },
        {
          "dict": [
            {
              "ent_field_name": "UpdateTime",
              "label": "Update time",
              "timestamp_value": 1730983267
            },
            {
              "ent_field_name": "Sticker",
              "label": "Sticker",
              "media": [
                {
                  "uri": "your_facebook_activity/posts/media/stickers_used/465975090_909829201106867_5020373635701223661_n_909829191106868.webp",
                  "ai_stickers": [
                    
                  ]
                }
              ]
            },
            {
              "ent_field_name": "ArtifactsTimestamp",
              "timestamp_value": 1730983256
            }
          ],
          "title": ""
        },
        {
          "dict": [
            {
              "ent_field_name": "UpdateTime",
              "label": "Update time",
              "timestamp_value": 1730983267
            },
            {
              "ent_field_name": "Sticker",
              "label": "Sticker",
              "media": [
                {
                  "uri": "your_facebook_activity/posts/media/stickers_used/466103316_27428464126802029_5343987591209507888_n_27428464113468697.webp",
                  "ai_stickers": [
                    
                  ]
                }
              ]
            },
            {
              "ent_field_name": "ArtifactsTimestamp",
              "timestamp_value": 1730983256
            }
          ],
          "title": ""
        },
        {
          "dict": [
            {
              "ent_field_name": "UpdateTime",
              "label": "Update time",
              "timestamp_value": 1730983267
            },
            {
              "ent_field_name": "Sticker",
              "label": "Sticker",
              "media": [
                {
                  "uri": "your_facebook_activity/posts/media/stickers_used/465886136_1211502943416043_5720913772010039741_n_1211502940082710.webp",
                  "ai_stickers": [
                    
                  ]
                }
              ]
            },
            {
              "ent_field_name": "ArtifactsTimestamp",
              "timestamp_value": 1730983256
            }
          ],
          "title": ""
        },
        {
          "dict": [
            {
              "ent_field_name": "UpdateTime",
              "label": "Update time",
              "timestamp_value": 1730983267
            },
            {
              "ent_field_name": "Sticker",
              "label": "Sticker",
              "media": [
                {
                  "uri": "your_facebook_activity/posts/media/stickers_used/466103050_537518122425221_9150036001462163122_n_537518119091888.webp",
                  "ai_stickers": [
                    
                  ]
                }
              ]
            },
            {
              "ent_field_name": "ArtifactsTimestamp",
              "timestamp_value": 1730983256
            }
          ],
          "title": ""
        },
        {
          "dict": [
            {
              "ent_field_name": "UpdateTime",
              "label": "Update time",
              "timestamp_value": 1730983267
            },
            {
              "ent_field_name": "Sticker",
              "label": "Sticker",
              "media": [
                {
                  "uri": "your_facebook_activity/posts/media/stickers_used/465718095_8768770399870219_8169699181147397613_n_8768770386536887.webp",
                  "ai_stickers": [
                    
                  ]
                }
              ]
            },
            {
              "ent_field_name": "ArtifactsTimestamp",
              "timestamp_value": 1730983256
            }
          ],
          "title": ""
        },
        {
          "dict": [
            {
              "ent_field_name": "UpdateTime",
              "label": "Update time",
              "timestamp_value": 1730983267
            },
            {
              "ent_field_name": "Sticker",
              "label": "Sticker",
              "media": [
                {
                  "uri": "your_facebook_activity/posts/media/stickers_used/465970403_1489481278365011_8017848298229007089_n_1489481275031678.webp",
                  "ai_stickers": [
                    
                  ]
                }
              ]
            },
            {
              "ent_field_name": "ArtifactsTimestamp",
              "timestamp_value": 1730983256
            }
          ],
          "title": ""
        },
        {
          "dict": [
            {
              "ent_field_name": "UpdateTime",
              "label": "Update time",
              "timestamp_value": 1730983267
            },
            {
              "ent_field_name": "Sticker",
              "label": "Sticker",
              "media": [
                {
                  "uri": "your_facebook_activity/posts/media/stickers_used/466071668_1101401188225775_1764685865553980726_n_1101401184892442.webp",
                  "ai_stickers": [
                    
                  ]
                }
              ]
            },
            {
              "ent_field_name": "ArtifactsTimestamp",
              "timestamp_value": 1730983256
            }
          ],
          "title": ""
        },
        {
          "dict": [
            {
              "ent_field_name": "UpdateTime",
              "label": "Update time",
              "timestamp_value": 1730983267
            },
            {
              "ent_field_name": "Sticker",
              "label": "Sticker",
              "media": [
                {
                  "uri": "your_facebook_activity/posts/media/stickers_used/465865324_1217516146025944_4413606727889644051_n_1217516142692611.webp",
                  "ai_stickers": [
                    
                  ]
                }
              ]
            },
            {
              "ent_field_name": "ArtifactsTimestamp",
              "timestamp_value": 1730983256
            }
          ],
          "title": ""
        },
        {
          "dict": [
            {
              "ent_field_name": "UpdateTime",
              "label": "Update time",
              "timestamp_value": 1730983267
            },
            {
              "ent_field_name": "Sticker",
              "label": "Sticker",
              "media": [
                {
                  "uri": "your_facebook_activity/posts/media/stickers_used/465844842_4150255181868506_3375648608408875241_n_4150255178535173.webp",
                  "ai_stickers": [
                    
                  ]
                }
              ]
            },
            {
              "ent_field_name": "ArtifactsTimestamp",
              "timestamp_value": 1730983256
            }
          ],
          "title": ""
        },
        {
          "dict": [
            {
              "ent_field_name": "UpdateTime",
              "label": "Update time",
              "timestamp_value": 1730983267
            },
            {
              "ent_field_name": "Sticker",
              "label": "Sticker",
              "media": [
                {
                  "uri": "your_facebook_activity/posts/media/stickers_used/465986341_3954188958202676_1397354864881770439_n_3954188944869344.webp",
                  "ai_stickers": [
                    
                  ]
                }
              ]
            },
            {
              "ent_field_name": "ArtifactsTimestamp",
              "timestamp_value": 1730983256
            }
          ],
          "title": ""
        },
        {
          "dict": [
            {
              "ent_field_name": "UpdateTime",
              "label": "Update time",
              "timestamp_value": 1730983267
            },
            {
              "ent_field_name": "Sticker",
              "label": "Sticker",
              "media": [
                {
                  "uri": "your_facebook_activity/posts/media/stickers_used/465891895_1790861924989551_6866565215020152767_n_1790861921656218.webp",
                  "ai_stickers": [
                    
                  ]
                }
              ]
            },
            {
              "ent_field_name": "ArtifactsTimestamp",
              "timestamp_value": 1730983256
            }
          ],
          "title": ""
        },
        {
          "dict": [
            {
              "ent_field_name": "UpdateTime",
              "label": "Update time",
              "timestamp_value": 1730983267
            },
            {
              "ent_field_name": "Sticker",
              "label": "Sticker",
              "media": [
                {
                  "uri": "your_facebook_activity/posts/media/stickers_used/465887939_587429183982296_822570556540179842_n_587429180648963.webp",
                  "ai_stickers": [
                    
                  ]
                }
              ]
            },
            {
              "ent_field_name": "ArtifactsTimestamp",
              "timestamp_value": 1730983256
            }
          ],
          "title": ""
        },
        {
          "dict": [
            {
              "ent_field_name": "UpdateTime",
              "label": "Update time",
              "timestamp_value": 1730983267
            },
            {
              "ent_field_name": "Sticker",
              "label": "Sticker",
              "media": [
                {
                  "uri": "your_facebook_activity/posts/media/stickers_used/465910075_885142990373291_4809964947181431569_n_885142983706625.webp",
                  "ai_stickers": [
                    
                  ]
                }
              ]
            },
            {
              "ent_field_name": "ArtifactsTimestamp",
              "timestamp_value": 1730983256
            }
          ],
          "title": ""
        },
        {
          "dict": [
            {
              "ent_field_name": "UpdateTime",
              "label": "Update time",
              "timestamp_value": 1730983267
            },
            {
              "ent_field_name": "Sticker",
              "label": "Sticker",
              "media": [
                {
                  "uri": "your_facebook_activity/posts/media/stickers_used/465856220_2885732541579047_997590815756315308_n_2885732538245714.webp",
                  "ai_stickers": [
                    
                  ]
                }
              ]
            },
            {
              "ent_field_name": "ArtifactsTimestamp",
              "timestamp_value": 1730983256
            }
          ],
          "title": ""
        },
        {
          "dict": [
            {
              "ent_field_name": "UpdateTime",
              "label": "Update time",
              "timestamp_value": 1730983267
            },
            {
              "ent_field_name": "Sticker",
              "label": "Sticker",
              "media": [
                {
                  "uri": "your_facebook_activity/posts/media/stickers_used/466129124_9625415884142223_4160936965414528538_n_9625415877475557.webp",
                  "ai_stickers": [
                    
                  ]
                }
              ]
            },
            {
              "ent_field_name": "ArtifactsTimestamp",
              "timestamp_value": 1730983256
            }
          ],
          "title": ""
        },
        {
          "dict": [
            {
              "ent_field_name": "UpdateTime",
              "label": "Update time",
              "timestamp_value": 1730983267
            },
            {
              "ent_field_name": "Sticker",
              "label": "Sticker",
              "media": [
                {
                  "uri": "your_facebook_activity/posts/media/stickers_used/465840325_2300316213660890_9152433739108781898_n_2300316210327557.webp",
                  "ai_stickers": [
                    
                  ]
                }
              ]
            },
            {
              "ent_field_name": "ArtifactsTimestamp",
              "timestamp_value": 1730983256
            }
          ],
          "title": ""
        },
        {
          "dict": [
            {
              "ent_field_name": "UpdateTime",
              "label": "Update time",
              "timestamp_value": 1730983267
            },
            {
              "ent_field_name": "Sticker",
              "label": "Sticker",
              "media": [
                {
                  "uri": "your_facebook_activity/posts/media/stickers_used/466015234_563473646407523_5478979846070083422_n_563473643074190.webp",
                  "ai_stickers": [
                    
                  ]
                }
              ]
            },
            {
              "ent_field_name": "ArtifactsTimestamp",
              "timestamp_value": 1730983256
            }
          ],
          "title": ""
        },
        {
          "dict": [
            {
              "ent_field_name": "UpdateTime",
              "label": "Update time",
              "timestamp_value": 1730983267
            },
            {
              "ent_field_name": "Sticker",
              "label": "Sticker",
              "media": [
                {
                  "uri": "your_facebook_activity/posts/media/stickers_used/465996571_1023038776290067_2360183895750379372_n_1023038769623401.webp",
                  "ai_stickers": [
                    
                  ]
                }
              ]
            },
            {
              "ent_field_name": "ArtifactsTimestamp",
              "timestamp_value": 1730983256
            }
          ],
          "title": ""
        },
        {
          "dict": [
            {
              "ent_field_name": "UpdateTime",
              "label": "Update time",
              "timestamp_value": 1730983267
            },
            {
              "ent_field_name": "Sticker",
              "label": "Sticker",
              "media": [
                {
                  "uri": "your_facebook_activity/posts/media/stickers_used/465840325_591478183303584_8456362806749372105_n_591478179970251.webp",
                  "ai_stickers": [
                    
                  ]
                }
              ]
            },
            {
              "ent_field_name": "ArtifactsTimestamp",
              "timestamp_value": 1730983256
            }
          ],
          "title": ""
        },
        {
          "dict": [
            {
              "ent_field_name": "UpdateTime",
              "label": "Update time",
              "timestamp_value": 1730983267
            },
            {
              "ent_field_name": "Sticker",
              "label": "Sticker",
              "media": [
                {
                  "uri": "your_facebook_activity/posts/media/stickers_used/465849838_8475665615884860_773948416010132322_n_8475665602551528.webp",
                  "ai_stickers": [
                    
                  ]
                }
              ]
            },
            {
              "ent_field_name": "ArtifactsTimestamp",
              "timestamp_value": 1730983256
            }
          ],
          "title": ""
        },
        {
          "dict": [
            {
              "ent_field_name": "UpdateTime",
              "label": "Update time",
              "timestamp_value": 1730983267
            },
            {
              "ent_field_name": "Sticker",
              "label": "Sticker",
              "media": [
                {
                  "uri": "your_facebook_activity/posts/media/stickers_used/465816223_900380282061655_2529410115545599855_n_900380278728322.webp",
                  "ai_stickers": [
                    
                  ]
                }
              ]
            },
            {
              "ent_field_name": "ArtifactsTimestamp",
              "timestamp_value": 1730983256
            }
          ],
          "title": ""
        },
        {
          "dict": [
            {
              "ent_field_name": "UpdateTime",
              "label": "Update time",
              "timestamp_value": 1730983267
            },
            {
              "ent_field_name": "Sticker",
              "label": "Sticker",
              "media": [
                {
                  "uri": "your_facebook_activity/posts/media/stickers_used/465886136_425361983949368_686429196737829161_n_425361977282702.webp",
                  "ai_stickers": [
                    
                  ]
                }
              ]
            },
            {
              "ent_field_name": "ArtifactsTimestamp",
              "timestamp_value": 1730983256
            }
          ],
          "title": ""
        },
        {
          "dict": [
            {
              "ent_field_name": "UpdateTime",
              "label": "Update time",
              "timestamp_value": 1730983267
            },
            {
              "ent_field_name": "Sticker",
              "label": "Sticker",
              "media": [
                {
                  "uri": "your_facebook_activity/posts/media/stickers_used/465800094_1748356175927057_8469171177063869633_n_1748356172593724.webp",
                  "ai_stickers": [
                    
                  ]
                }
              ]
            },
            {
              "ent_field_name": "ArtifactsTimestamp",
              "timestamp_value": 1730983256
            }
          ],
          "title": ""
        },
        {
          "dict": [
            {
              "ent_field_name": "UpdateTime",
              "label": "Update time",
              "timestamp_value": 1730983267
            },
            {
              "ent_field_name": "Sticker",
              "label": "Sticker",
              "media": [
                {
                  "uri": "your_facebook_activity/posts/media/stickers_used/466004771_3687063298210754_7343229816978268771_n_3687063288210755.webp",
                  "ai_stickers": [
                    
                  ]
                }
              ]
            },
            {
              "ent_field_name": "ArtifactsTimestamp",
              "timestamp_value": 1730983256
            }
          ],
          "title": ""
        },
        {
          "dict": [
            {
              "ent_field_name": "UpdateTime",
              "label": "Update time",
              "timestamp_value": 1730983267
            },
            {
              "ent_field_name": "Sticker",
              "label": "Sticker",
              "media": [
                {
                  "uri": "your_facebook_activity/posts/media/stickers_used/465893240_8762050887192414_3097062536782739534_n_8762050870525749.webp",
                  "ai_stickers": [
                    
                  ]
                }
              ]
            },
            {
              "ent_field_name": "ArtifactsTimestamp",
              "timestamp_value": 1730983256
            }
          ],
          "title": ""
        },
        {
          "dict": [
            {
              "ent_field_name": "UpdateTime",
              "label": "Update time",
              "timestamp_value": 1730983267
            },
            {
              "ent_field_name": "Sticker",
              "label": "Sticker",
              "media": [
                {
                  "uri": "your_facebook_activity/posts/media/stickers_used/465988339_539417179040551_3939240624859448219_n_539417172373885.webp",
                  "ai_stickers": [
                    
                  ]
                }
              ]
            },
            {
              "ent_field_name": "ArtifactsTimestamp",
              "timestamp_value": 1730983256
            }
          ],
          "title": ""
        },
        {
          "dict": [
            {
              "ent_field_name": "UpdateTime",
              "label": "Update time",
              "timestamp_value": 1730983267
            },
            {
              "ent_field_name": "Sticker",
              "label": "Sticker",
              "media": [
                {
                  "uri": "your_facebook_activity/posts/media/stickers_used/465730082_1760281541406171_3324656222282249896_n_1760281538072838.webp",
                  "ai_stickers": [
                    
                  ]
                }
              ]
            },
            {
              "ent_field_name": "ArtifactsTimestamp",
              "timestamp_value": 1730983256
            }
          ],
          "title": ""
        },
        {
          "dict": [
            {
              "ent_field_name": "UpdateTime",
              "label": "Update time",
              "timestamp_value": 1730983267
            },
            {
              "ent_field_name": "Sticker",
              "label": "Sticker",
              "media": [
                {
                  "uri": "your_facebook_activity/posts/media/stickers_used/466130278_8610097985765070_3622315646848713677_n_8610097979098404.webp",
                  "ai_stickers": [
                    
                  ]
                }
              ]
            },
            {
              "ent_field_name": "ArtifactsTimestamp",
              "timestamp_value": 1730983256
            }
          ],
          "title": ""
        },
        {
          "dict": [
            {
              "ent_field_name": "UpdateTime",
              "label": "Update time",
              "timestamp_value": 1730983267
            },
            {
              "ent_field_name": "Sticker",
              "label": "Sticker",
              "media": [
                {
                  "uri": "your_facebook_activity/posts/media/stickers_used/465871256_567746835635875_6455526905629773865_n_567746832302542.webp",
                  "ai_stickers": [
                    
                  ]
                }
              ]
            },
            {
              "ent_field_name": "ArtifactsTimestamp",
              "timestamp_value": 1730983256
            }
          ],
          "title": ""
        },
        {
          "dict": [
            {
              "ent_field_name": "UpdateTime",
              "label": "Update time",
              "timestamp_value": 1730983267
            },
            {
              "ent_field_name": "Sticker",
              "label": "Sticker",
              "media": [
                {
                  "uri": "your_facebook_activity/posts/media/stickers_used/465999531_1085633616500244_1070007536208307742_n_1085633613166911.webp",
                  "ai_stickers": [
                    
                  ]
                }
              ]
            },
            {
              "ent_field_name": "ArtifactsTimestamp",
              "timestamp_value": 1730983256
            }
          ],
          "title": ""
        },
        {
          "dict": [
            {
              "ent_field_name": "UpdateTime",
              "label": "Update time",
              "timestamp_value": 1730983267
            },
            {
              "ent_field_name": "Sticker",
              "label": "Sticker",
              "media": [
                {
                  "uri": "your_facebook_activity/posts/media/stickers_used/466000427_1085670849724780_6556912254891370782_n_1085670843058114.webp",
                  "ai_stickers": [
                    
                  ]
                }
              ]
            },
            {
              "ent_field_name": "ArtifactsTimestamp",
              "timestamp_value": 1730983256
            }
          ],
          "title": ""
        },
        {
          "dict": [
            {
              "ent_field_name": "UpdateTime",
              "label": "Update time",
              "timestamp_value": 1730983267
            },
            {
              "ent_field_name": "Sticker",
              "label": "Sticker",
              "media": [
                {
                  "uri": "your_facebook_activity/posts/media/stickers_used/465850378_1262528081596856_5604809553017203307_n_1262528074930190.webp",
                  "ai_stickers": [
                    
                  ]
                }
              ]
            },
            {
              "ent_field_name": "ArtifactsTimestamp",
              "timestamp_value": 1730983256
            }
          ],
          "title": ""
        },
        {
          "dict": [
            {
              "ent_field_name": "UpdateTime",
              "label": "Update time",
              "timestamp_value": 1730983267
            },
            {
              "ent_field_name": "Sticker",
              "label": "Sticker",
              "media": [
                {
                  "uri": "your_facebook_activity/posts/media/stickers_used/465936936_1484372216298449_8647777811092762809_n_1484372209631783.webp",
                  "ai_stickers": [
                    
                  ]
                }
              ]
            },
            {
              "ent_field_name": "ArtifactsTimestamp",
              "timestamp_value": 1730983256
            }
          ],
          "title": ""
        },
        {
          "dict": [
            {
              "ent_field_name": "UpdateTime",
              "label": "Update time",
              "timestamp_value": 1730983267
            },
            {
              "ent_field_name": "Sticker",
              "label": "Sticker",
              "media": [
                {
                  "uri": "your_facebook_activity/posts/media/stickers_used/466127993_2609119712621799_3441872241096245070_n_2609119709288466.webp",
                  "ai_stickers": [
                    
                  ]
                }
              ]
            },
            {
              "ent_field_name": "ArtifactsTimestamp",
              "timestamp_value": 1730983256
            }
          ],
          "title": ""
        },
        {
          "dict": [
            {
              "ent_field_name": "UpdateTime",
              "label": "Update time",
              "timestamp_value": 1730983267
            },
            {
              "ent_field_name": "Sticker",
              "label": "Sticker",
              "media": [
                {
                  "uri": "your_facebook_activity/posts/media/stickers_used/465735995_1764698551010938_7997159969205702742_n_1764698547677605.webp",
                  "ai_stickers": [
                    
                  ]
                }
              ]
            },
            {
              "ent_field_name": "ArtifactsTimestamp",
              "timestamp_value": 1730983256
            }
          ],
          "title": ""
        },
        {
          "dict": [
            {
              "ent_field_name": "UpdateTime",
              "label": "Update time",
              "timestamp_value": 1730983267
            },
            {
              "ent_field_name": "Sticker",
              "label": "Sticker",
              "media": [
                {
                  "uri": "your_facebook_activity/posts/media/stickers_used/466204965_1289204495555035_2799689297317239163_n_1289204488888369.webp",
                  "ai_stickers": [
                    
                  ]
                }
              ]
            },
            {
              "ent_field_name": "ArtifactsTimestamp",
              "timestamp_value": 1730983256
            }
          ],
          "title": ""
        },
        {
          "dict": [
            {
              "ent_field_name": "UpdateTime",
              "label": "Update time",
              "timestamp_value": 1730983267
            },
            {
              "ent_field_name": "Sticker",
              "label": "Sticker",
              "media": [
                {
                  "uri": "your_facebook_activity/posts/media/stickers_used/466123451_1182382486836139_4951798342684725077_n_1182382483502806.webp",
                  "ai_stickers": [
                    
                  ]
                }
              ]
            },
            {
              "ent_field_name": "ArtifactsTimestamp",
              "timestamp_value": 1730983256
            }
          ],
          "title": ""
        },
        {
          "dict": [
            {
              "ent_field_name": "UpdateTime",
              "label": "Update time",
              "timestamp_value": 1730983267
            },
            {
              "ent_field_name": "Sticker",
              "label": "Sticker",
              "media": [
                {
                  "uri": "your_facebook_activity/posts/media/stickers_used/465987390_1110958960537613_4435851853814382780_n_1110958957204280.webp",
                  "ai_stickers": [
                    
                  ]
                }
              ]
            },
            {
              "ent_field_name": "ArtifactsTimestamp",
              "timestamp_value": 1730983256
            }
          ],
          "title": ""
        },
        {
          "dict": [
            {
              "ent_field_name": "UpdateTime",
              "label": "Update time",
              "timestamp_value": 1730983267
            },
            {
              "ent_field_name": "Sticker",
              "label": "Sticker",
              "media": [
                {
                  "uri": "your_facebook_activity/posts/media/stickers_used/465910639_479677375082576_3243533203676472224_n_479677371749243.webp",
                  "ai_stickers": [
                    
                  ]
                }
              ]
            },
            {
              "ent_field_name": "ArtifactsTimestamp",
              "timestamp_value": 1730983256
            }
          ],
          "title": ""
        },
        {
          "dict": [
            {
              "ent_field_name": "UpdateTime",
              "label": "Update time",
              "timestamp_value": 1730983267
            },
            {
              "ent_field_name": "Sticker",
              "label": "Sticker",
              "media": [
                {
                  "uri": "your_facebook_activity/posts/media/stickers_used/465729918_444258998704950_2912351524758170004_n_444258995371617.webp",
                  "ai_stickers": [
                    
                  ]
                }
              ]
            },
            {
              "ent_field_name": "ArtifactsTimestamp",
              "timestamp_value": 1730983256
            }
          ],
          "title": ""
        },
        {
          "dict": [
            {
              "ent_field_name": "UpdateTime",
              "label": "Update time",
              "timestamp_value": 1730983267
            },
            {
              "ent_field_name": "Sticker",
              "label": "Sticker",
              "media": [
                {
                  "uri": "your_facebook_activity/posts/media/stickers_used/465903367_1083055753282626_4192380775948086716_n_1083055749949293.webp",
                  "ai_stickers": [
                    
                  ]
                }
              ]
            },
            {
              "ent_field_name": "ArtifactsTimestamp",
              "timestamp_value": 1730983256
            }
          ],
          "title": ""
        },
        {
          "dict": [
            {
              "ent_field_name": "UpdateTime",
              "label": "Update time",
              "timestamp_value": 1730983267
            },
            {
              "ent_field_name": "Sticker",
              "label": "Sticker",
              "media": [
                {
                  "uri": "your_facebook_activity/posts/media/stickers_used/465855674_548782461183984_4879959046388250447_n_548782457850651.webp",
                  "ai_stickers": [
                    
                  ]
                }
              ]
            },
            {
              "ent_field_name": "ArtifactsTimestamp",
              "timestamp_value": 1730983256
            }
          ],
          "title": ""
        },
        {
          "dict": [
            {
              "ent_field_name": "UpdateTime",
              "label": "Update time",
              "timestamp_value": 1730983267
            },
            {
              "ent_field_name": "Sticker",
              "label": "Sticker",
              "media": [
                {
                  "uri": "your_facebook_activity/posts/media/stickers_used/465816982_3888756028113619_4676883071171579499_n_3888756024780286.webp",
                  "ai_stickers": [
                    
                  ]
                }
              ]
            },
            {
              "ent_field_name": "ArtifactsTimestamp",
              "timestamp_value": 1730983256
            }
          ],
          "title": ""
        },
        {
          "dict": [
            {
              "ent_field_name": "UpdateTime",
              "label": "Update time",
              "timestamp_value": 1730983267
            },
            {
              "ent_field_name": "Sticker",
              "label": "Sticker",
              "media": [
                {
                  "uri": "your_facebook_activity/posts/media/stickers_used/465999650_1662892050951343_8070421846297318606_n_1662892047618010.webp",
                  "ai_stickers": [
                    
                  ]
                }
              ]
            },
            {
              "ent_field_name": "ArtifactsTimestamp",
              "timestamp_value": 1730983256
            }
          ],
          "title": ""
        },
        {
          "dict": [
            {
              "ent_field_name": "UpdateTime",
              "label": "Update time",
              "timestamp_value": 1730983267
            },
            {
              "ent_field_name": "Sticker",
              "label": "Sticker",
              "media": [
                {
                  "uri": "your_facebook_activity/posts/media/stickers_used/466081133_902235041537439_5713587707188348146_n_902235038204106.webp",
                  "ai_stickers": [
                    
                  ]
                }
              ]
            },
            {
              "ent_field_name": "ArtifactsTimestamp",
              "timestamp_value": 1730983256
            }
          ],
          "title": ""
        },
        {
          "dict": [
            {
              "ent_field_name": "UpdateTime",
              "label": "Update time",
              "timestamp_value": 1730983267
            },
            {
              "ent_field_name": "Sticker",
              "label": "Sticker",
              "media": [
                {
                  "uri": "your_facebook_activity/posts/media/stickers_used/465910831_1470932406904036_1654500006831864571_n_1470932400237370.webp",
                  "ai_stickers": [
                    
                  ]
                }
              ]
            },
            {
              "ent_field_name": "ArtifactsTimestamp",
              "timestamp_value": 1730983256
            }
          ],
          "title": ""
        },
        {
          "dict": [
            {
              "ent_field_name": "UpdateTime",
              "label": "Update time",
              "timestamp_value": 1730983267
            },
            {
              "ent_field_name": "Sticker",
              "label": "Sticker",
              "media": [
                {
                  "uri": "your_facebook_activity/posts/media/stickers_used/465988026_893074909451954_2862294799361868129_n_893074906118621.webp",
                  "ai_stickers": [
                    
                  ]
                }
              ]
            },
            {
              "ent_field_name": "ArtifactsTimestamp",
              "timestamp_value": 1730983256
            }
          ],
          "title": ""
        },
        {
          "dict": [
            {
              "ent_field_name": "UpdateTime",
              "label": "Update time",
              "timestamp_value": 1730983267
            },
            {
              "ent_field_name": "Sticker",
              "label": "Sticker",
              "media": [
                {
                  "uri": "your_facebook_activity/posts/media/stickers_used/465732773_493530537051697_5652810866045747839_n_493530533718364.webp",
                  "ai_stickers": [
                    
                  ]
                }
              ]
            },
            {
              "ent_field_name": "ArtifactsTimestamp",
              "timestamp_value": 1730983256
            }
          ],
          "title": ""
        },
        {
          "dict": [
            {
              "ent_field_name": "UpdateTime",
              "label": "Update time",
              "timestamp_value": 1730983267
            },
            {
              "ent_field_name": "Sticker",
              "label": "Sticker",
              "media": [
                {
                  "uri": "your_facebook_activity/posts/media/stickers_used/465966598_558622360261355_2736343162066643684_n_558622356928022.webp",
                  "ai_stickers": [
                    
                  ]
                }
              ]
            },
            {
              "ent_field_name": "ArtifactsTimestamp",
              "timestamp_value": 1730983256
            }
          ],
          "title": ""
        },
        {
          "dict": [
            {
              "ent_field_name": "UpdateTime",
              "label": "Update time",
              "timestamp_value": 1730983267
            },
            {
              "ent_field_name": "Sticker",
              "label": "Sticker",
              "media": [
                {
                  "uri": "your_facebook_activity/posts/media/stickers_used/465818843_1222275965545307_2743180691594289358_n_1222275962211974.webp",
                  "ai_stickers": [
                    
                  ]
                }
              ]
            },
            {
              "ent_field_name": "ArtifactsTimestamp",
              "timestamp_value": 1730983256
            }
          ],
          "title": ""
        },
        {
          "dict": [
            {
              "ent_field_name": "UpdateTime",
              "label": "Update time",
              "timestamp_value": 1730983267
            },
            {
              "ent_field_name": "Sticker",
              "label": "Sticker",
              "media": [
                {
                  "uri": "your_facebook_activity/posts/media/stickers_used/465818881_925260055605904_7463754883894598984_n_925260048939238.webp",
                  "ai_stickers": [
                    
                  ]
                }
              ]
            },
            {
              "ent_field_name": "ArtifactsTimestamp",
              "timestamp_value": 1730983256
            }
          ],
          "title": ""
        },
        {
          "dict": [
            {
              "ent_field_name": "UpdateTime",
              "label": "Update time",
              "timestamp_value": 1730983267
            },
            {
              "ent_field_name": "Sticker",
              "label": "Sticker",
              "media": [
                {
                  "uri": "your_facebook_activity/posts/media/stickers_used/465838102_477484648024698_1342933703094313502_n_477484638024699.webp",
                  "ai_stickers": [
                    
                  ]
                }
              ]
            },
            {
              "ent_field_name": "ArtifactsTimestamp",
              "timestamp_value": 1730983256
            }
          ],
          "title": ""
        },
        {
          "dict": [
            {
              "ent_field_name": "UpdateTime",
              "label": "Update time",
              "timestamp_value": 1730983267
            },
            {
              "ent_field_name": "Sticker",
              "label": "Sticker",
              "media": [
                {
                  "uri": "your_facebook_activity/posts/media/stickers_used/466110511_2455819847955127_7199166454742179417_n_2455819844621794.webp",
                  "ai_stickers": [
                    
                  ]
                }
              ]
            },
            {
              "ent_field_name": "ArtifactsTimestamp",
              "timestamp_value": 1730983256
            }
          ],
          "title": ""
        },
        {
          "dict": [
            {
              "ent_field_name": "UpdateTime",
              "label": "Update time",
              "timestamp_value": 1730983267
            },
            {
              "ent_field_name": "Sticker",
              "label": "Sticker",
              "media": [
                {
                  "uri": "your_facebook_activity/posts/media/stickers_used/465843512_2518802331652654_8825117089261281717_n_2518802328319321.webp",
                  "ai_stickers": [
                    
                  ]
                }
              ]
            },
            {
              "ent_field_name": "ArtifactsTimestamp",
              "timestamp_value": 1730983256
            }
          ],
          "title": ""
        },
        {
          "dict": [
            {
              "ent_field_name": "UpdateTime",
              "label": "Update time",
              "timestamp_value": 1730983267
            },
            {
              "ent_field_name": "Sticker",
              "label": "Sticker",
              "media": [
                {
                  "uri": "your_facebook_activity/posts/media/stickers_used/466024931_886870803205767_2945941693058954628_n_886870799872434.png",
                  "ai_stickers": [
                    
                  ]
                }
              ]
            },
            {
              "ent_field_name": "ArtifactsTimestamp",
              "timestamp_value": 1730983256
            }
          ],
          "title": ""
        },
        {
          "dict": [
            {
              "ent_field_name": "UpdateTime",
              "label": "Update time",
              "timestamp_value": 1730983267
            },
            {
              "ent_field_name": "Sticker",
              "label": "Sticker",
              "media": [
                {
                  "uri": "your_facebook_activity/posts/media/stickers_used/466125131_1217897192627938_4285697678093904478_n_1217897189294605.png",
                  "ai_stickers": [
                    
                  ]
                }
              ]
            },
            {
              "ent_field_name": "ArtifactsTimestamp",
              "timestamp_value": 1730983256
            }
          ],
          "title": ""
        },
        {
          "dict": [
            {
              "ent_field_name": "UpdateTime",
              "label": "Update time",
              "timestamp_value": 1730983267
            },
            {
              "ent_field_name": "Sticker",
              "label": "Sticker",
              "media": [
                {
                  "uri": "your_facebook_activity/posts/media/stickers_used/465800820_1633699888030573_4270909348773490499_n_1633699884697240.png",
                  "ai_stickers": [
                    
                  ]
                }
              ]
            },
            {
              "ent_field_name": "ArtifactsTimestamp",
              "timestamp_value": 1730983256
            }
          ],
          "title": ""
        },
        {
          "dict": [
            {
              "ent_field_name": "UpdateTime",
              "label": "Update time",
              "timestamp_value": 1730983267
            },
            {
              "ent_field_name": "Sticker",
              "label": "Sticker",
              "media": [
                {
                  "uri": "your_facebook_activity/posts/media/stickers_used/466068518_3107514826058398_2960012951276287068_n_3107514819391732.png",
                  "ai_stickers": [
                    
                  ]
                }
              ]
            },
            {
              "ent_field_name": "ArtifactsTimestamp",
              "timestamp_value": 1730983256
            }
          ],
          "title": ""
        },
        {
          "dict": [
            {
              "ent_field_name": "UpdateTime",
              "label": "Update time",
              "timestamp_value": 1730983267
            },
            {
              "ent_field_name": "Sticker",
              "label": "Sticker",
              "media": [
                {
                  "uri": "your_facebook_activity/posts/media/stickers_used/465853703_988976722992633_2265774721625984058_n_988976719659300.png",
                  "ai_stickers": [
                    
                  ]
                }
              ]
            },
            {
              "ent_field_name": "ArtifactsTimestamp",
              "timestamp_value": 1730983256
            }
          ],
          "title": ""
        },
        {
          "dict": [
            {
              "ent_field_name": "UpdateTime",
              "label": "Update time",
              "timestamp_value": 1730983267
            },
            {
              "ent_field_name": "Sticker",
              "label": "Sticker",
              "media": [
                {
                  "uri": "your_facebook_activity/posts/media/stickers_used/465796935_495047653573205_1789191086833503685_n_495047650239872.png",
                  "ai_stickers": [
                    
                  ]
                }
              ]
            },
            {
              "ent_field_name": "ArtifactsTimestamp",
              "timestamp_value": 1730983256
            }
          ],
          "title": ""
        },
        {
          "dict": [
            {
              "ent_field_name": "UpdateTime",
              "label": "Update time",
              "timestamp_value": 1730983267
            },
            {
              "ent_field_name": "Sticker",
              "label": "Sticker",
              "media": [
                {
                  "uri": "your_facebook_activity/posts/media/stickers_used/465870487_581717717539215_1876880872549326143_n_581717714205882.png",
                  "ai_stickers": [
                    
                  ]
                }
              ]
            },
            {
              "ent_field_name": "ArtifactsTimestamp",
              "timestamp_value": 1730983256
            }
          ],
          "title": ""
        },
        {
          "dict": [
            {
              "ent_field_name": "UpdateTime",
              "label": "Update time",
              "timestamp_value": 1730983267
            },
            {
              "ent_field_name": "Sticker",
              "label": "Sticker",
              "media": [
                {
                  "uri": "your_facebook_activity/posts/media/stickers_used/466003402_1090444895994983_3949440008144954962_n_1090444892661650.png",
                  "ai_stickers": [
                    
                  ]
                }
              ]
            },
            {
              "ent_field_name": "ArtifactsTimestamp",
              "timestamp_value": 1730983256
            }
          ],
          "title": ""
        },
        {
          "dict": [
            {
              "ent_field_name": "UpdateTime",
              "label": "Update time",
              "timestamp_value": 1730983267
            },
            {
              "ent_field_name": "Sticker",
              "label": "Sticker",
              "media": [
                {
                  "uri": "your_facebook_activity/posts/media/stickers_used/465862397_548257361247608_8892191102357516992_n_548257354580942.webp",
                  "ai_stickers": [
                    
                  ]
                }
              ]
            },
            {
              "ent_field_name": "ArtifactsTimestamp",
              "timestamp_value": 1730983263
            }
          ],
          "title": ""
        },
        {
          "dict": [
            {
              "ent_field_name": "UpdateTime",
              "label": "Update time",
              "timestamp_value": 1730983265
            },
            {
              "ent_field_name": "Sticker",
              "label": "Sticker",
              "media": [
                {
                  "uri": "your_facebook_activity/posts/media/stickers_used/465925113_1041710591040335_289104758725734979_n_1041710577707003.png",
                  "ai_stickers": [
                    
                  ]
                }
              ]
            },
            {
              "ent_field_name": "ArtifactsTimestamp",
              "timestamp_value": 1730983256
            }
          ],
          "title": ""
        },
        {
          "dict": [
            {
              "ent_field_name": "UpdateTime",
              "label": "Update time",
              "timestamp_value": 1730983265
            },
            {
              "ent_field_name": "Sticker",
              "label": "Sticker",
              "media": [
                {
                  "uri": "your_facebook_activity/posts/media/stickers_used/465890442_3203771329754407_8769341036904673755_n_3203771326421074.png",
                  "ai_stickers": [
                    
                  ]
                }
              ]
            },
            {
              "ent_field_name": "ArtifactsTimestamp",
              "timestamp_value": 1730983256
            }
          ],
          "title": ""
        },
        {
          "dict": [
            {
              "ent_field_name": "UpdateTime",
              "label": "Update time",
              "timestamp_value": 1730983265
            },
            {
              "ent_field_name": "Sticker",
              "label": "Sticker",
              "media": [
                {
                  "uri": "your_facebook_activity/posts/media/stickers_used/466043739_768055772133631_2047598986687662501_n_768055768800298.png",
                  "ai_stickers": [
                    
                  ]
                }
              ]
            },
            {
              "ent_field_name": "ArtifactsTimestamp",
              "timestamp_value": 1730983256
            }
          ],
          "title": ""
        },
        {
          "dict": [
            {
              "ent_field_name": "UpdateTime",
              "label": "Update time",
              "timestamp_value": 1730983265
            },
            {
              "ent_field_name": "Sticker",
              "label": "Sticker",
              "media": [
                {
                  "uri": "your_facebook_activity/posts/media/stickers_used/465926342_876502534666175_4823707717063563660_n_876502527999509.png",
                  "ai_stickers": [
                    
                  ]
                }
              ]
            },
            {
              "ent_field_name": "ArtifactsTimestamp",
              "timestamp_value": 1730983256
            }
          ],
          "title": ""
        },
        {
          "dict": [
            {
              "ent_field_name": "UpdateTime",
              "label": "Update time",
              "timestamp_value": 1730983265
            },
            {
              "ent_field_name": "Sticker",
              "label": "Sticker",
              "media": [
                {
                  "uri": "your_facebook_activity/posts/media/stickers_used/465926105_481906990923461_5551557847358306791_n_481906987590128.png",
                  "ai_stickers": [
                    
                  ]
                }
              ]
            },
            {
              "ent_field_name": "ArtifactsTimestamp",
              "timestamp_value": 1730983256
            }
          ],
          "title": ""
        },
        {
          "dict": [
            {
              "ent_field_name": "UpdateTime",
              "label": "Update time",
              "timestamp_value": 1730983265
            },
            {
              "ent_field_name": "Sticker",
              "label": "Sticker",
              "media": [
                {
                  "uri": "your_facebook_activity/posts/media/stickers_used/465986192_420452857777452_3123469173475241243_n_420452854444119.png",
                  "ai_stickers": [
                    
                  ]
                }
              ]
            },
            {
              "ent_field_name": "ArtifactsTimestamp",
              "timestamp_value": 1730983256
            }
          ],
          "title": ""
        },
        {
          "dict": [
            {
              "ent_field_name": "UpdateTime",
              "label": "Update time",
              "timestamp_value": 1730983265
            },
            {
              "ent_field_name": "Sticker",
              "label": "Sticker",
              "media": [
                {
                  "uri": "your_facebook_activity/posts/media/stickers_used/465845910_586685637355873_1869274154574299089_n_586685634022540.png",
                  "ai_stickers": [
                    
                  ]
                }
              ]
            },
            {
              "ent_field_name": "ArtifactsTimestamp",
              "timestamp_value": 1730983256
            }
          ],
          "title": ""
        },
        {
          "dict": [
            {
              "ent_field_name": "UpdateTime",
              "label": "Update time",
              "timestamp_value": 1730983265
            },
            {
              "ent_field_name": "Sticker",
              "label": "Sticker",
              "media": [
                {
                  "uri": "your_facebook_activity/posts/media/stickers_used/465981523_566792519276586_7775211832578171871_n_566792515943253.png",
                  "ai_stickers": [
                    
                  ]
                }
              ]
            },
            {
              "ent_field_name": "ArtifactsTimestamp",
              "timestamp_value": 1730983256
            }
          ],
          "title": ""
        },
        {
          "dict": [
            {
              "ent_field_name": "UpdateTime",
              "label": "Update time",
              "timestamp_value": 1730983265
            },
            {
              "ent_field_name": "Sticker",
              "label": "Sticker",
              "media": [
                {
                  "uri": "your_facebook_activity/posts/media/stickers_used/466118275_2302651373404666_2104481573452832774_n_2302651370071333.png",
                  "ai_stickers": [
                    
                  ]
                }
              ]
            },
            {
              "ent_field_name": "ArtifactsTimestamp",
              "timestamp_value": 1730983256
            }
          ],
          "title": ""
        },
        {
          "dict": [
            {
              "ent_field_name": "UpdateTime",
              "label": "Update time",
              "timestamp_value": 1730983265
            },
            {
              "ent_field_name": "Sticker",
              "label": "Sticker",
              "media": [
                {
                  "uri": "your_facebook_activity/posts/media/stickers_used/466103283_1113676660371982_3779821083606166776_n_1113676657038649.png",
                  "ai_stickers": [
                    
                  ]
                }
              ]
            },
            {
              "ent_field_name": "ArtifactsTimestamp",
              "timestamp_value": 1730983256
            }
          ],
          "title": ""
        },
        {
          "dict": [
            {
              "ent_field_name": "UpdateTime",
              "label": "Update time",
              "timestamp_value": 1730983265
            },
            {
              "ent_field_name": "Sticker",
              "label": "Sticker",
              "media": [
                {
                  "uri": "your_facebook_activity/posts/media/stickers_used/465903144_1085758846533028_7209850421290040326_n_1085758843199695.png",
                  "ai_stickers": [
                    
                  ]
                }
              ]
            },
            {
              "ent_field_name": "ArtifactsTimestamp",
              "timestamp_value": 1730983256
            }
          ],
          "title": ""
        },
        {
          "dict": [
            {
              "ent_field_name": "UpdateTime",
              "label": "Update time",
              "timestamp_value": 1730983265
            },
            {
              "ent_field_name": "Sticker",
              "label": "Sticker",
              "media": [
                {
                  "uri": "your_facebook_activity/posts/media/stickers_used/466028354_1125557009282308_7918007184923712561_n_1125557005948975.png",
                  "ai_stickers": [
                    
                  ]
                }
              ]
            },
            {
              "ent_field_name": "ArtifactsTimestamp",
              "timestamp_value": 1730983256
            }
          ],
          "title": ""
        },
        {
          "dict": [
            {
              "ent_field_name": "UpdateTime",
              "label": "Update time",
              "timestamp_value": 1730983265
            },
            {
              "ent_field_name": "Sticker",
              "label": "Sticker",
              "media": [
                {
                  "uri": "your_facebook_activity/posts/media/stickers_used/465997113_1073743183934441_2404376814703229860_n_1073743180601108.png",
                  "ai_stickers": [
                    
                  ]
                }
              ]
            },
            {
              "ent_field_name": "ArtifactsTimestamp",
              "timestamp_value": 1730983256
            }
          ],
          "title": ""
        },
        {
          "dict": [
            {
              "ent_field_name": "UpdateTime",
              "label": "Update time",
              "timestamp_value": 1730983265
            },
            {
              "ent_field_name": "Sticker",
              "label": "Sticker",
              "media": [
                {
                  "uri": "your_facebook_activity/posts/media/stickers_used/465569848_8385233591581306_7652207401436971252_n_8385233584914640.png",
                  "ai_stickers": [
                    
                  ]
                }
              ]
            },
            {
              "ent_field_name": "ArtifactsTimestamp",
              "timestamp_value": 1730983256
            }
          ],
          "title": ""
        },
        {
          "dict": [
            {
              "ent_field_name": "UpdateTime",
              "label": "Update time",
              "timestamp_value": 1730983265
            },
            {
              "ent_field_name": "Sticker",
              "label": "Sticker",
              "media": [
                {
                  "uri": "your_facebook_activity/posts/media/stickers_used/465860583_1076961770299598_6043527841378685518_n_1076961766966265.png",
                  "ai_stickers": [
                    
                  ]
                }
              ]
            },
            {
              "ent_field_name": "ArtifactsTimestamp",
              "timestamp_value": 1730983256
            }
          ],
          "title": ""
        },
        {
          "dict": [
            {
              "ent_field_name": "UpdateTime",
              "label": "Update time",
              "timestamp_value": 1730983265
            },
            {
              "ent_field_name": "Sticker",
              "label": "Sticker",
              "media": [
                {
                  "uri": "your_facebook_activity/posts/media/stickers_used/465841242_573944515107537_1085640672280994064_n_573944511774204.png",
                  "ai_stickers": [
                    
                  ]
                }
              ]
            },
            {
              "ent_field_name": "ArtifactsTimestamp",
              "timestamp_value": 1730983256
            }
          ],
          "title": ""
        },
        {
          "dict": [
            {
              "ent_field_name": "UpdateTime",
              "label": "Update time",
              "timestamp_value": 1730983265
            },
            {
              "ent_field_name": "Sticker",
              "label": "Sticker",
              "media": [
                {
                  "uri": "your_facebook_activity/posts/media/stickers_used/465925100_566249099126144_6067823517039150369_n_566249095792811.png",
                  "ai_stickers": [
                    
                  ]
                }
              ]
            },
            {
              "ent_field_name": "ArtifactsTimestamp",
              "timestamp_value": 1730983256
            }
          ],
          "title": ""
        },
        {
          "dict": [
            {
              "ent_field_name": "UpdateTime",
              "label": "Update time",
              "timestamp_value": 1730983265
            },
            {
              "ent_field_name": "Sticker",
              "label": "Sticker",
              "media": [
                {
                  "uri": "your_facebook_activity/posts/media/stickers_used/466059387_574269178397086_2417914548670406830_n_574269175063753.png",
                  "ai_stickers": [
                    
                  ]
                }
              ]
            },
            {
              "ent_field_name": "ArtifactsTimestamp",
              "timestamp_value": 1730983256
            }
          ],
          "title": ""
        },
        {
          "dict": [
            {
              "ent_field_name": "UpdateTime",
              "label": "Update time",
              "timestamp_value": 1730983265
            },
            {
              "ent_field_name": "Sticker",
              "label": "Sticker",
              "media": [
                {
                  "uri": "your_facebook_activity/posts/media/stickers_used/465818480_1077727454003465_4685855199309160630_n_1077727450670132.png",
                  "ai_stickers": [
                    
                  ]
                }
              ]
            },
            {
              "ent_field_name": "ArtifactsTimestamp",
              "timestamp_value": 1730983256
            }
          ],
          "title": ""
        }
      ],
      "title": "Media"
    },
    {
      "ent_field_name": "DynamicUserConfigTimestamp",
      "timestamp_value": 1730983252
    }
  ],
  "fbid": "122098558736609959",
  "ent_name": "EntAvatar"
}