[
  {
    "timestamp": 1731947854,
    "media": [
      
    ],
    "label_values": [
      {
        "ent_field_name": "Reaction",
        "label": "Reaction",
        "value": "Like"
      },
      {
        "ent_field_name": "URL",
        "label": "URL",
        "value": "https://www.facebook.com/reel/9158993837461677/",
        "href": "https://www.facebook.com/reel/9158993837461677/"
      },
      {
        "ent_field_name": "Name",
        "label": "Name",
        "value": "Greek Garden Maine Coons"
      }
    ],
    "fbid": "122196918128077804",
    "ent_name": "EntStatusUpdate"
  },
  {
    "timestamp": 1731947800,
    "media": [
      
    ],
    "label_values": [
      {
        "ent_field_name": "Reaction",
        "label": "Reaction",
        "value": "Like"
      },
      {
        "ent_field_name": "URL",
        "label": "URL",
        "value": "https://www.facebook.com/reel/3860928740848581/",
        "href": "https://www.facebook.com/reel/3860928740848581/"
      },
      {
        "ent_field_name": "Name",
        "label": "Name",
        "value": "Greek Garden Maine Coons"
      }
    ],
    "fbid": "122200154660077804",
    "ent_name": "EntStatusUpdate"
  },
  {
    "timestamp": 1731947762,
    "media": [
      
    ],
    "label_values": [
      {
        "ent_field_name": "Reaction",
        "label": "Reaction",
        "value": "Like"
      },
      {
        "ent_field_name": "URL",
        "label": "URL",
        "value": "https://www.facebook.com/reel/1068567731726011/",
        "href": "https://www.facebook.com/reel/1068567731726011/"
      },
      {
        "ent_field_name": "Name",
        "label": "Name",
        "value": "Greek Garden Maine Coons"
      }
    ],
    "fbid": "122203008128077804",
    "ent_name": "EntStatusUpdate"
  },
  {
    "timestamp": 1731947678,
    "media": [
      
    ],
    "label_values": [
      {
        "ent_field_name": "Reaction",
        "label": "Reaction",
        "value": "Like"
      },
      {
        "ent_field_name": "URL",
        "label": "URL",
        "value": "https://www.facebook.com/reel/785593990174830/",
        "href": "https://www.facebook.com/reel/785593990174830/"
      },
      {
        "ent_field_name": "Name",
        "label": "Name",
        "value": "Greek Garden Maine Coons"
      }
    ],
    "fbid": "122189546444077804",
    "ent_name": "EntStatusUpdate"
  },
  {
    "timestamp": 1731947563,
    "media": [
      
    ],
    "label_values": [
      {
        "ent_field_name": "Reaction",
        "label": "Reaction",
        "value": "Like"
      },
      {
        "ent_field_name": "URL",
        "label": "Instagram media URL",
        "value": "https://www.instagram.com/reel/DA08MJcOgSD/",
        "href": "https://www.instagram.com/reel/DA08MJcOgSD/"
      }
    ],
    "fbid": "18136727059362923",
    "ent_name": "EntIGMediaExport"
  },
  {
    "timestamp": 1731947516,
    "media": [
      
    ],
    "label_values": [
      {
        "ent_field_name": "Reaction",
        "label": "Reaction",
        "value": "Like"
      },
      {
        "ent_field_name": "URL",
        "label": "URL",
        "value": "https://www.facebook.com/reel/878848297115645/",
        "href": "https://www.facebook.com/reel/878848297115645/"
      },
      {
        "ent_field_name": "Name",
        "label": "Name",
        "value": "Dadsbehavingdadly"
      }
    ],
    "fbid": "122161987676100058",
    "ent_name": "EntStatusUpdate"
  },
  {
    "timestamp": 1731947462,
    "media": [
      
    ],
    "label_values": [
      {
        "ent_field_name": "Reaction",
        "label": "Reaction",
        "value": "Like"
      },
      {
        "ent_field_name": "URL",
        "label": "URL",
        "value": "https://www.facebook.com/pnhs.1990/videos/919055090048069/",
        "href": "https://www.facebook.com/pnhs.1990/videos/919055090048069/"
      },
      {
        "ent_field_name": "Name",
        "label": "Name",
        "value": "Pet World"
      }
    ],
    "fbid": "856502936488684",
    "ent_name": "EntStatusUpdate"
  },
  {
    "timestamp": 1731947428,
    "media": [
      
    ],
    "label_values": [
      {
        "ent_field_name": "Reaction",
        "label": "Reaction",
        "value": "Like"
      },
      {
        "ent_field_name": "URL",
        "label": "URL",
        "value": "https://www.facebook.com/nytimes/posts/pfbid0ZHYQP5EPLXDiDfpUmfn4CaAiGms6BW1iNp7evJcGM4EtYE7VN1ssiRKb8TzA5ADxl",
        "href": "https://www.facebook.com/nytimes/posts/pfbid0ZHYQP5EPLXDiDfpUmfn4CaAiGms6BW1iNp7evJcGM4EtYE7VN1ssiRKb8TzA5ADxl"
      },
      {
        "ent_field_name": "Name",
        "label": "Name",
        "value": "The New York Times"
      }
    ],
    "fbid": "955726799743117",
    "ent_name": "EntStatusUpdate"
  },
  {
    "timestamp": 1730983311,
    "media": [
      
    ],
    "label_values": [
      {
        "ent_field_name": "Reaction",
        "label": "Reaction",
        "value": "Like"
      },
      {
        "ent_field_name": "URL",
        "label": "URL",
        "value": "https://www.facebook.com/groups/289155187003316/posts/extremely-important-grammar-lessons1-lesson-httpswwwsuperenglishgrammarcom202310/578174568101375/",
        "href": "https://www.facebook.com/groups/289155187003316/posts/extremely-important-grammar-lessons1-lesson-httpswwwsuperenglishgrammarcom202310/578174568101375/"
      },
      {
        "dict": [
          {
            "dict": [
              {
                "ent_field_name": "UntranslatedNameRaw",
                "label": "Name",
                "value": "Daily English Speaking"
              }
            ],
            "title": ""
          }
        ],
        "title": "Group"
      },
      {
        "dict": [
          {
            "dict": [
              {
                "ent_field_name": "Name",
                "label": "Name",
                "value": "Super Words"
              }
            ],
            "title": ""
          }
        ],
        "title": "Author"
      }
    ],
    "fbid": "578174568101375",
    "ent_name": "EntGroupPost"
  },
  {
    "timestamp": 1730983298,
    "media": [
      
    ],
    "label_values": [
      {
        "ent_field_name": "Reaction",
        "label": "Reaction",
        "value": "Like"
      },
      {
        "ent_field_name": "URL",
        "label": "URL",
        "value": "https://www.facebook.com/adultlifefb/posts/pfbid0ybt5vKsvJZFJt64dAqSFergKWCjS3df8pTN4L3Qv9gxhxZdAHToGnTAHaDyyxZNXl",
        "href": "https://www.facebook.com/adultlifefb/posts/pfbid0ybt5vKsvJZFJt64dAqSFergKWCjS3df8pTN4L3Qv9gxhxZdAHToGnTAHaDyyxZNXl"
      },
      {
        "ent_field_name": "Name",
        "label": "Name",
        "value": "Adult Life"
      }
    ],
    "fbid": "991141846386655",
    "ent_name": "EntStatusUpdate"
  },
  {
    "timestamp": 1730983291,
    "media": [
      
    ],
    "label_values": [
      {
        "ent_field_name": "Reaction",
        "label": "Reaction",
        "value": "Like"
      },
      {
        "ent_field_name": "URL",
        "label": "URL",
        "value": "https://www.facebook.com/reel/1665280024268107/",
        "href": "https://www.facebook.com/reel/1665280024268107/"
      },
      {
        "ent_field_name": "Name",
        "label": "Name",
        "value": "Deep Singing"
      }
    ],
    "fbid": "929141245926420",
    "ent_name": "EntStatusUpdate"
  },
  {
    "timestamp": 1730983289,
    "media": [
      
    ],
    "label_values": [
      {
        "ent_field_name": "Reaction",
        "label": "Reaction",
        "value": "Like"
      },
      {
        "ent_field_name": "URL",
        "label": "URL",
        "value": "https://www.facebook.com/groups/310725871410503/posts/a-good-man-becomes-a-better-man-when-the-right-woman-supports-him%EF%B8%8F/589236306892790/",
        "href": "https://www.facebook.com/groups/310725871410503/posts/a-good-man-becomes-a-better-man-when-the-right-woman-supports-him%EF%B8%8F/589236306892790/"
      },
      {
        "dict": [
          {
            "dict": [
              {
                "ent_field_name": "UntranslatedNameRaw",
                "label": "Name",
                "value": "Laugh all the day!"
              }
            ],
            "title": ""
          }
        ],
        "title": "Group"
      },
      {
        "dict": [
          {
            "dict": [
              {
                "ent_field_name": "Name",
                "label": "Name",
                "value": "M Arief Fakaubun"
              }
            ],
            "title": ""
          }
        ],
        "title": "Author"
      }
    ],
    "fbid": "589236306892790",
    "ent_name": "EntGroupPost"
  },
  {
    "timestamp": 1730983278,
    "media": [
      
    ],
    "label_values": [
      {
        "ent_field_name": "Reaction",
        "label": "Reaction",
        "value": "Like"
      },
      {
        "ent_field_name": "URL",
        "label": "URL",
        "value": "https://www.facebook.com/groups/289155187003316/posts/extremely-important-grammar-lessons1-lesson-httpswwwsuperenglishgrammarcom202310/578176031434562/",
        "href": "https://www.facebook.com/groups/289155187003316/posts/extremely-important-grammar-lessons1-lesson-httpswwwsuperenglishgrammarcom202310/578176031434562/"
      },
      {
        "dict": [
          {
            "dict": [
              {
                "ent_field_name": "UntranslatedNameRaw",
                "label": "Name",
                "value": "Daily English Speaking"
              }
            ],
            "title": ""
          }
        ],
        "title": "Group"
      },
      {
        "dict": [
          {
            "dict": [
              {
                "ent_field_name": "Name",
                "label": "Name",
                "value": "Super Words"
              }
            ],
            "title": ""
          }
        ],
        "title": "Author"
      }
    ],
    "fbid": "578176031434562",
    "ent_name": "EntGroupPost"
  },
  {
    "timestamp": 1730983271,
    "media": [
      
    ],
    "label_values": [
      {
        "ent_field_name": "Reaction",
        "label": "Reaction",
        "value": "Like"
      },
      {
        "ent_field_name": "URL",
        "label": "URL",
        "value": "https://www.facebook.com/groups/1646954709402658/posts/d41d8cd9/1741715546593240/",
        "href": "https://www.facebook.com/groups/1646954709402658/posts/d41d8cd9/1741715546593240/"
      },
      {
        "dict": [
          {
            "dict": [
              {
                "ent_field_name": "UntranslatedNameRaw",
                "label": "Name",
                "value": "Women Rising Together"
              }
            ],
            "title": ""
          }
        ],
        "title": "Group"
      },
      {
        "dict": [
          {
            "dict": [
              {
                "ent_field_name": "Name",
                "label": "Name",
                "value": "Nontuthuzelo Gawe"
              }
            ],
            "title": ""
          }
        ],
        "title": "Author"
      }
    ],
    "fbid": "1741715546593240",
    "ent_name": "EntGroupPost"
  },
  {
    "timestamp": 1730981713,
    "media": [
      
    ],
    "label_values": [
      {
        "ent_field_name": "Reaction",
        "label": "Reaction",
        "value": "Like"
      },
      {
        "ent_field_name": "URL",
        "label": "URL",
        "value": "https://www.facebook.com/natgeo/posts/pfbid026iFyPbkupvGBFmhpEBwdaU1D9RHLENdBSN2R1fyfLVFHnovL5RLLjtRoN5Q7CfTml",
        "href": "https://www.facebook.com/natgeo/posts/pfbid026iFyPbkupvGBFmhpEBwdaU1D9RHLENdBSN2R1fyfLVFHnovL5RLLjtRoN5Q7CfTml"
      },
      {
        "ent_field_name": "Name",
        "label": "Name",
        "value": "National Geographic"
      }
    ],
    "fbid": "771802724317160",
    "ent_name": "EntStatusUpdate"
  }
]