[
  {
    "timestamp": 1730981713,
    "data": [
      {
        "reaction": {
          "reaction": "LIKE",
          "actor": "Geo Dag"
        }
      }
    ],
    "title": "Geo Dag likes National Geographic's post."
  },
  {
    "timestamp": 1730983271,
    "data": [
      {
        "reaction": {
          "reaction": "LIKE",
          "actor": "Geo Dag"
        }
      }
    ],
    "title": "Geo Dag likes Nontuthuzelo Gawe's post in Women Rising Together."
  },
  {
    "timestamp": 1730983278,
    "data": [
      {
        "reaction": {
          "reaction": "LIKE",
          "actor": "Geo Dag"
        }
      }
    ],
    "title": "Geo Dag likes Super Words's post in Daily English Speaking."
  },
  {
    "timestamp": 1730983289,
    "data": [
      {
        "reaction": {
          "reaction": "LIKE",
          "actor": "Geo Dag"
        }
      }
    ],
    "title": "Geo Dag likes M Arief Fakaubun's post in Laugh all the day!"
  },
  {
    "timestamp": 1730983291,
    "data": [
      {
        "reaction": {
          "reaction": "LIKE",
          "actor": "Geo Dag"
        }
      }
    ],
    "title": "Geo Dag likes Deep Singing's video."
  },
  {
    "timestamp": 1730983298,
    "data": [
      {
        "reaction": {
          "reaction": "LIKE",
          "actor": "Geo Dag"
        }
      }
    ],
    "title": "Geo Dag likes Adult Life's photo."
  },
  {
    "timestamp": 1730983311,
    "data": [
      {
        "reaction": {
          "reaction": "LIKE",
          "actor": "Geo Dag"
        }
      }
    ],
    "title": "Geo Dag likes Super Words's post in Daily English Speaking."
  },
  {
    "timestamp": 1730983334,
    "data": [
      {
        "reaction": {
          "reaction": "LIKE",
          "actor": "Geo Dag"
        }
      }
    ],
    "title": "Geo Dag liked a live video."
  },
  {
    "timestamp": 1731947428,
    "data": [
      {
        "reaction": {
          "reaction": "LIKE",
          "actor": "Geo Dag"
        }
      }
    ],
    "title": "Geo Dag likes The New York Times's photo."
  },
  {
    "timestamp": 1731947462,
    "data": [
      {
        "reaction": {
          "reaction": "LIKE",
          "actor": "Geo Dag"
        }
      }
    ],
    "title": "Geo Dag likes Pet World's video: Adorable Pitbull & Little Boy Fall In Love As Soon As They Meet."
  },
  {
    "timestamp": 1731947516,
    "data": [
      {
        "reaction": {
          "reaction": "LIKE",
          "actor": "Geo Dag"
        }
      }
    ],
    "title": "Geo Dag likes Dadsbehavingdadly's video."
  },
  {
    "timestamp": 1731947563,
    "data": [
      {
        "reaction": {
          "reaction": "LIKE",
          "actor": "Geo Dag"
        }
      }
    ],
    "title": "Geo Dag likes kinakay85's video."
  },
  {
    "timestamp": 1731947678,
    "data": [
      {
        "reaction": {
          "reaction": "LIKE",
          "actor": "Geo Dag"
        }
      }
    ],
    "title": "Geo Dag likes Greek Garden Maine Coons's video."
  },
  {
    "timestamp": 1731947762,
    "data": [
      {
        "reaction": {
          "reaction": "LIKE",
          "actor": "Geo Dag"
        }
      }
    ],
    "title": "Geo Dag likes Greek Garden Maine Coons's video."
  },
  {
    "timestamp": 1731947800,
    "data": [
      {
        "reaction": {
          "reaction": "LIKE",
          "actor": "Geo Dag"
        }
      }
    ],
    "title": "Geo Dag likes Greek Garden Maine Coons's video."
  },
  {
    "timestamp": 1731947854,
    "data": [
      {
        "reaction": {
          "reaction": "LIKE",
          "actor": "Geo Dag"
        }
      }
    ],
    "title": "Geo Dag likes Greek Garden Maine Coons's video."
  }
]