{
  "account_history_registration_info": [
    {
      "title": "",
      "media_map_data": {
        
      },
      "string_map_data": {
        "Username": {
          "href": "",
          "value": "Geo dag",
          "timestamp": 0
        },
        "IP Address": {
          "href": "",
          "value": "81.98.165.127",
          "timestamp": 0
        },
        "Time": {
          "href": "",
          "value": "",
          "timestamp": 1732022365
        },
        "Email": {
          "href": "",
          "value": "georgia.dagher@rhul.ac.uk",
          "timestamp": 0
        },
        "Phone Number": {
          "href": "",
          "value": "",
          "timestamp": 0
        },
        "Device": {
          "href": "",
          "value": "",
          "timestamp": 0
        }
      }
    }
  ]
}