{
  "account_history_login_history": [
    {
      "title": "2024-11-19T13:20:06+00:00",
      "media_map_data": {
        
      },
      "string_map_data": {
        "Cookie Name": {
          "href": "",
          "value": "*************************MNc",
          "timestamp": 0
        },
        "IP Address": {
          "href": "",
          "value": "81.98.165.127",
          "timestamp": 0
        },
        "Language Code": {
          "href": "",
          "value": "en",
          "timestamp": 0
        },
        "Time": {
          "href": "",
          "value": "",
          "timestamp": 1732022406
        },
        "User Agent": {
          "href": "",
          "value": "Mozilla/5.0 (Macintosh; Intel Mac OS X 10_15_7) AppleWebKit/537.36 (KHTML, like Gecko) Chrome/130.0.0.0 Safari/537.36",
          "timestamp": 0
        }
      }
    }
  ]
}