{
  "ig_profile_picture": [
    {
      "uri": "media/profile/202411/467385635_1112589380354747_5666028781759388883_n_17897464425094127.jpg",
      "creation_timestamp": 1732022575,
      "media_metadata": {
        "camera_metadata": {
          "has_camera_metadata": false
        }
      },
      "title": "",
      "cross_post_source": {
        "source_app": "FB"
      },
      "backup_uri": "https://interncache-ldc.fbcdn.net/v/t51.2885-15/467385635_1112589380354747_5666028781759388883_n.jpg?ccb=1-7&_nc_sid=18de74&efg=eyJ1cmxnZW4iOiJwaHBfdXJsZ2VuX2NsaWVudC9tZXRhX3VuaXZlcnNlL2VudGl0eS9pbnN0YWdyYW0vYmVzdF9pbWFnZSJ9&_nc_ad=z-m&_nc_cid=0&_nc_zt=23&oh=00_AYA0D1Ql0YBl8dA9r2uNHmzVMgquvPVdT3JOV0UUJcSKJw&oe=6743B950"
    }
  ]
}