{
  "page_likes_v2": [
    {
      "name": "Greek Garden Maine Coons",
      "timestamp": 1731947683,
      "url": "https://www.facebook.com/154085431115221"
    },
    {
      "name": "Animal Bites with Dave Salmoni",
      "timestamp": 1730981775,
      "url": "https://www.facebook.com/793412130868218"
    },
    {
      "name": "New Scientist",
      "timestamp": 1730981762,
      "url": "https://www.facebook.com/235877164588"
    },
    {
      "name": "NASA Solar System Exploration",
      "timestamp": 1730981761,
      "url": "https://www.facebook.com/79209882917"
    },
    {
      "name": "NASA Sun Science",
      "timestamp": 1730981758,
      "url": "https://www.facebook.com/118107518236480"
    },
    {
      "name": "National Geographic Animals",
      "timestamp": 1730981753,
      "url": "https://www.facebook.com/196008660929"
    },
    {
      "name": "Discovery",
      "timestamp": 1730981752,
      "url": "https://www.facebook.com/6002238585"
    },
    {
      "name": "Science Channel",
      "timestamp": 1730981749,
      "url": "https://www.facebook.com/14391502916"
    },
    {
      "name": "BBC News",
      "timestamp": 1730981738,
      "url": "https://www.facebook.com/228735667216"
    },
    {
      "name": "NASA 360",
      "timestamp": 1730981736,
      "url": "https://www.facebook.com/33527980284"
    },
    {
      "name": "Barack Obama",
      "timestamp": 1730981732,
      "url": "https://www.facebook.com/6815841748"
    },
    {
      "name": "TIME",
      "timestamp": 1730981730,
      "url": "https://www.facebook.com/10606591490"
    },
    {
      "name": "National Geographic",
      "timestamp": 1730981727,
      "url": "https://www.facebook.com/23497828950"
    }
  ]
}