{
  "pages_followed_v2": [
    {
      "timestamp": 1730981725,
      "data": [
        {
          "name": "National Geographic"
        }
      ],
      "title": "National Geographic"
    },
    {
      "timestamp": 1730981729,
      "data": [
        {
          "name": "TIME"
        }
      ],
      "title": "TIME"
    },
    {
      "timestamp": 1730981729,
      "data": [
        {
          "name": "Discovery Channel UK"
        }
      ],
      "title": "Discovery Channel UK"
    },
    {
      "timestamp": 1730981730,
      "data": [
        {
          "name": "Barack Obama"
        }
      ],
      "title": "Barack Obama"
    },
    {
      "timestamp": 1730981735,
      "data": [
        {
          "name": "NASA 360"
        }
      ],
      "title": "NASA 360"
    },
    {
      "timestamp": 1730981735,
      "data": [
        {
          "name": "The New York Times"
        }
      ],
      "title": "The New York Times"
    },
    {
      "timestamp": 1730981736,
      "data": [
        {
          "name": "BBC News"
        }
      ],
      "title": "BBC News"
    },
    {
      "timestamp": 1730981749,
      "data": [
        {
          "name": "Science Channel"
        }
      ],
      "title": "Science Channel"
    },
    {
      "timestamp": 1730981752,
      "data": [
        {
          "name": "Discovery"
        }
      ],
      "title": "Discovery"
    },
    {
      "timestamp": 1730981753,
      "data": [
        {
          "name": "National Geographic Animals"
        }
      ],
      "title": "National Geographic Animals"
    },
    {
      "timestamp": 1730981758,
      "data": [
        {
          "name": "NASA Sun Science"
        }
      ],
      "title": "NASA Sun Science"
    },
    {
      "timestamp": 1730981761,
      "data": [
        {
          "name": "NASA Solar System Exploration"
        }
      ],
      "title": "NASA Solar System Exploration"
    },
    {
      "timestamp": 1730981762,
      "data": [
        {
          "name": "New Scientist"
        }
      ],
      "title": "New Scientist"
    },
    {
      "timestamp": 1730981775,
      "data": [
        {
          "name": "Animal Bites with Dave Salmoni"
        }
      ],
      "title": "Animal Bites with Dave Salmoni"
    },
    {
      "timestamp": 1731947441,
      "data": [
        {
          "name": "HKG Life"
        }
      ],
      "title": "HKG Life"
    },
    {
      "timestamp": 1731947683,
      "data": [
        {
          "name": "Greek Garden Maine Coons"
        }
      ],
      "title": "Greek Garden Maine Coons"
    },
    {
      "timestamp": 1731947889,
      "data": [
        {
          "name": "Mountain Crest Maine Coons"
        }
      ],
      "title": "Mountain Crest Maine Coons"
    }
  ]
}