{
  "notifications_v2": [
    {
      "timestamp": 1731947894,
      "unread": true,
      "href": "https://www.facebook.com/account_status/?location=notification&dialog_action=SEE_ENFORCEMENT_DETAIL_V2&action_payload=%7B%22enforcement_instance_id%22%3A122107908260609959%7D",
      "text": "We added a restriction to your account. See why."
    },
    {
      "timestamp": 1731945995,
      "unread": true,
      "href": "https://www.facebook.com/groups/864895791440274/posts/chicken-alfredo-pizza-recipeingredients-for-8-servings1-pizza-dough3-tablespoons/1245179980078518/?comment_id=1245180666745116",
      "text": "Great recipes mentioned you and others in a comment in Yummy food recipes."
    },
    {
      "timestamp": 1731938557,
      "unread": true,
      "href": "https://www.facebook.com/groups/864895791440274/?post_id=1245104906752692&comment_id=1245104996752683",
      "text": "Rania Pretty mentioned you and others in a comment in Yummy food recipes."
    },
    {
      "timestamp": 1731935501,
      "unread": true,
      "href": "https://www.facebook.com/reel/856007956607669?s=notification",
      "text": "Discovery shared a reel: \"The Last Woodsmen | Season Premiere\"."
    },
    {
      "timestamp": 1731935078,
      "unread": true,
      "href": "https://www.facebook.com/groups/864895791440274/posts/cheesy-stuffed-chicken-with-peppersingredients-for-3-servingsfor-the-veggies2-ta/1245068096756373/?comment_id=1245068566756326",
      "text": "Daily Recipes mentioned you and others in a comment in Yummy food recipes."
    },
    {
      "timestamp": 1731928352,
      "unread": true,
      "href": "https://www.facebook.com/groups/864895791440274/posts/no-bake-cookies-and-cream-cheesecakeingredients-for-6-servings36-chocolate-sandw/1244995150097001/?comment_id=1244995353430314",
      "text": "Dilicious Recipes mentioned you and others in a comment in Yummy food recipes."
    },
    {
      "timestamp": 1731928351,
      "unread": true,
      "href": "https://www.facebook.com/groups/855249678713942/posts/5-generation/1603665310539038/",
      "text": "LIFE LESSON: \"5 generation\""
    },
    {
      "timestamp": 1731924928,
      "unread": true,
      "href": "https://www.facebook.com/reel/856007956607669?s=notification",
      "text": "Discovery shared a reel: \"The Last Woodsmen | Season Premiere\"."
    },
    {
      "timestamp": 1731917616,
      "unread": true,
      "href": "https://www.facebook.com/groups/864895791440274/?post_id=1244906416772541&comment_id=1244906466772536",
      "text": "Homemade recipes mentioned you and others in a comment in Yummy food recipes."
    },
    {
      "timestamp": 1731913144,
      "unread": true,
      "href": "https://www.facebook.com/groups/864895791440274/posts/chicken-and-yellow-rice-recipeingredients5-%C2%BD-cups-water1-tablespoon-chicken-boui/1244868560109660/?comment_id=1244869193442930",
      "text": "Lz recipes mentioned you and others in a comment in Yummy food recipes."
    },
    {
      "timestamp": 1731848229,
      "unread": true,
      "href": "https://www.facebook.com/groups/httpsbit.ly2bwrvek/posts/d41d8cd9/2435619650121826/",
      "text": "Zach Choi Asmr Kitchen posted in Home Cooking."
    },
    {
      "timestamp": 1731833704,
      "unread": true,
      "href": "https://www.facebook.com/groups/864895791440274/posts/cornish-beef-pastie%EF%B8%8F%EF%B8%8Fingredientsfor-the-pastry-2-%C2%BD-cups-all-purpose-flour-%C2%BD-teas/1244168053513044/?comment_id=1244168390179677",
      "text": "Everyday Recipes  mentioned you and others in a comment in Yummy food recipes."
    },
    {
      "timestamp": 1731824783,
      "unread": true,
      "href": "https://www.facebook.com/groups/864895791440274/?post_id=1244103763519473&comment_id=1244103833519466",
      "text": "Grandma dishes mentioned you and others in a comment in Yummy food recipes."
    },
    {
      "timestamp": 1731821471,
      "unread": true,
      "href": "https://www.facebook.com/groups/864895791440274/posts/lemon-blueberry-shortbread-mousse-cake-recipeingredientsshortbread-crust1-cup-al/1244080136855169/?comment_id=1244080210188495",
      "text": "Tasty Recipes mentioned you and others in a comment in Yummy food recipes."
    },
    {
      "timestamp": 1731817340,
      "unread": true,
      "href": "https://www.facebook.com/groups/864895791440274/posts/checkerboard-cakeingredients-for-12-servings1-chocolate-cake-prepared-9-inches-2/1244033293526520/?comment_id=1244033710193145",
      "text": "Air fryer recipes mentioned you and others in a comment in Yummy food recipes."
    },
    {
      "timestamp": 1731809204,
      "unread": true,
      "href": "https://www.facebook.com/groups/864895791440274/posts/this-fried-pickles-recipe-makes-a-perfectly-pleasing-palatable-plate-of-goodness/1243883250208191/?comment_id=1243973246865858",
      "text": "C recipes mentioned you and others in a comment in Yummy food recipes."
    },
    {
      "timestamp": 1731805817,
      "unread": true,
      "href": "https://www.facebook.com/groups/864895791440274/?post_id=1243882333541616&comment_id=1243949623534887",
      "text": "B recipes mentioned you and others in a comment in Yummy food recipes."
    },
    {
      "timestamp": 1731801908,
      "unread": true,
      "href": "https://www.facebook.com/groups/864895791440274/posts/does-anybody-here-besides-me-actually-eat-fried-crab-legsingredients2-lbs-crab-l/1243881076875075/?comment_id=1243923683537481",
      "text": "A good recipes mentioned you and others in a comment in Yummy food recipes."
    },
    {
      "timestamp": 1731799684,
      "unread": true,
      "href": "https://www.facebook.com/groups/864895791440274/posts/how-to-make-the-best-moussaka-in-the-worldthis-is-one-of-the-best-things-youll-e/1243909176872265/?comment_id=1243910036872179",
      "text": "3raiss_dz mentioned you and others in a comment in Yummy food recipes."
    },
    {
      "timestamp": 1731780364,
      "unread": true,
      "href": "fb://marketplace_category/?referralSurface=notification",
      "text": "Browse listings near you."
    },
    {
      "timestamp": 1731768899,
      "unread": true,
      "href": "https://www.facebook.com/groups/httpsbit.ly2bwrvek/posts/d41d8cd9/2435619650121826/",
      "text": "Zach Choi Asmr Kitchen posted in Home Cooking."
    },
    {
      "timestamp": 1731654763,
      "unread": true,
      "href": "https://www.facebook.com/groups/864895791440274/posts/cheesy-pepperoni-stromboliingredients-for-the-best-stromboligathering-quality-in/1242702480326268/?comment_id=1242702590326257",
      "text": "Grandma dishes mentioned you and others in a comment in Yummy food recipes."
    },
    {
      "timestamp": 1731651370,
      "unread": true,
      "href": "https://www.facebook.com/groups/864895791440274/posts/strawberry-cheesecake-recipeingredients-1-%C2%BD-cups-of-graham-cracker-crumbs%C2%BC-cup-o/1242678840328632/?comment_id=1242679100328606",
      "text": "Tasty Recipes mentioned you and others in a comment in Yummy food recipes."
    },
    {
      "timestamp": 1731590627,
      "unread": true,
      "href": "https://www.facebook.com/groups/310725871410503/?post_id=594524499697304&comment_id=594579653025122",
      "text": "Lianne Smith and Erika Love Grosvenor commented on a photo that you're following in Laugh all the day!."
    },
    {
      "timestamp": 1731585234,
      "unread": true,
      "href": "https://www.facebook.com/groups/310725871410503/permalink/594524499697304/",
      "text": "Laugh all the day  tagged you in a photo in Laugh all the day!."
    },
    {
      "timestamp": 1731463346,
      "unread": true,
      "href": "https://www.facebook.com/groups/864895791440274/posts/homemade-spaghetti-sauceingredients1-lb-ground-beef1-medium-yellow-onion-diced15/1241116043818245/?comment_id=1241202307142952",
      "text": "C recipes mentioned you and others in a comment in Yummy food recipes."
    },
    {
      "timestamp": 1731451261,
      "unread": true,
      "href": "https://www.facebook.com/events/903179518343877/927437859251376/?acontext=%7B%22source%22%3A%2229%22%2C%22ref_notif_type%22%3A%22admin_plan_mall_activity%22%2C%22action_history%22%3A%22null%22%7D",
      "text": "Reading Winter Wonderland. added a photo in Grand Opening Reading Winter Wonderland ."
    },
    {
      "timestamp": 1731418707,
      "unread": true,
      "href": "https://www.threads.net/@time/post/DCRfKlSRPZ5?tifu_upsell=login&tifu=non_blocking&xmt=AQGzIFmynwlcbgZaEVFzx35ooOChXFSWx-fTpNdAs0dFZw",
      "text": "TIME, a profile that you follow, posted on Threads."
    },
    {
      "timestamp": 1731335731,
      "unread": true,
      "href": "https://www.facebook.com/dyi/?tab=all_archives&referrer=notif",
      "text": "Reminder: The files you requested are only available to download for 24 more hours."
    },
    {
      "timestamp": 1731318444,
      "unread": true,
      "href": "https://www.facebook.com/61554357771285",
      "text": "Louie & Todd is a suggested Page for you to follow."
    },
    {
      "timestamp": 1731317645,
      "unread": true,
      "href": "https://www.facebook.com/groups/855249678713942/permalink/1595236458048590/",
      "text": "LIFE LESSON: \"Dear life... please don't make me cry again... I don't have any shoulder to lean on.. I'm alone.\u00f0\u009f\u0092\u0094\u00f0\u009f\u0098\u00ad\u00f0\u009f\u009b\u0090\""
    },
    {
      "timestamp": 1731229816,
      "unread": true,
      "href": "https://www.facebook.com/groups/864895791440274/posts/pizza-rolls-recipeingredients-1-pound-pizza-dough-store-bought-or-homemade12-cup/1239226964007153/?comment_id=1239227157340467",
      "text": "Everyday Recipes  mentioned you and others in a comment in Yummy food recipes."
    },
    {
      "timestamp": 1731227166,
      "unread": true,
      "href": "https://www.facebook.com/groups/864895791440274/posts/banana-pudding-brownies-24-vanilla-wafersfilling8-oz-cream-cheese1-box-vanilla-p/1239206560675860/?comment_id=1239207044009145",
      "text": "Best recipes mentioned you and others in a comment in Yummy food recipes."
    },
    {
      "timestamp": 1731226323,
      "unread": true,
      "href": "https://www.facebook.com/groups/864895791440274/posts/classic-french-macarons-with-vanilla-buttercreamingredients-for-30-macaronsmacar/1239200087343174/?comment_id=1239200230676493",
      "text": "Homemade recipes mentioned you and others in a comment in Yummy food recipes."
    },
    {
      "timestamp": 1731219155,
      "unread": true,
      "href": "https://www.facebook.com/groups/864895791440274/posts/caramel-apple-crispingredients-for-8-servingscaramel-apple-filling7-apples-grann/1239137044016145/?comment_id=1239137114016138",
      "text": "Lz recipes mentioned you and others in a comment in Yummy food recipes."
    },
    {
      "timestamp": 1731214578,
      "unread": true,
      "href": "https://www.facebook.com/groups/864895791440274/posts/skyrim-sweet-roll-recipeingredientsfor-the-sweet-rolls12-tsp-salt14-cup-milk2-cu/1239098264020023/?comment_id=1239098367353346",
      "text": "Air fryer recipes mentioned you and others in a comment in Yummy food recipes."
    },
    {
      "timestamp": 1731201186,
      "unread": true,
      "href": "https://www.facebook.com/groups/864895791440274/posts/spaghetti-stuffed-mozzarella-garlic-bread-recipeingredients1-pound-spaghetti1-lo/1238926674037182/?comment_id=1238993994030450",
      "text": "B recipes mentioned you and others in a comment in Yummy food recipes."
    },
    {
      "timestamp": 1731193678,
      "unread": true,
      "href": "https://www.facebook.com/groups/864895791440274/posts/how-to-make-the-best-moussaka-in-the-worldthis-is-one-of-the-best-things-youll-e/1238941947368988/?comment_id=1238942690702247",
      "text": "3raiss_dz mentioned you and others in a comment in Yummy food recipes."
    },
    {
      "timestamp": 1731159888,
      "unread": true,
      "href": "https://www.facebook.com/events/748356790776055/?acontext=%7B%22source%22%3A%2229%22%2C%22action_history%22%3A%22%5B%7B%5C%22surface%5C%22%3A%5C%22notifications_tab%5C%22%2C%5C%22mechanism%5C%22%3A%5C%22surface%5C%22%2C%5C%22extra_data%5C%22%3A%5B%5D%7D%5D%22%7D",
      "text": "You responded to Hannah Gadsby - Woof! You can follow the host to be notified about future events."
    },
    {
      "timestamp": 1731076525,
      "unread": false,
      "href": "https://www.facebook.com/dyi/?tab=all_archives&referrer=notif",
      "text": "The files that you requested are ready to download"
    }
  ]
}