{
  "media": [
    
  ],
  "label_values": [
    {
      "ent_field_name": "LastFullDetectTime",
      "label": "Last full detection time",
      "timestamp_value": 1730981114
    },
    {
      "ent_field_name": "LastPartialDetectTime",
      "label": "Last partial detection time",
      "timestamp_value": 1730981114
    },
    {
      "ent_field_name": "GpuInfo",
      "label": "GPU info",
      "dict": [
        {
          "ent_field_name": "GpuInfo.vender",
          "label": "vender",
          "value": ""
        },
        {
          "ent_field_name": "GpuInfo.renderer",
          "label": "renderer",
          "value": "ANGLE (Intel, ANGLE Metal Renderer: Intel(R) Iris(TM) Plus Graphics 640, Unspecified Version)"
        }
      ]
    },
    {
      "ent_field_name": "GpuVendor",
      "label": "GPU vendor",
      "value": "Google Inc. (Intel)"
    },
    {
      "ent_field_name": "GpuRenderer",
      "label": "GPU renderer",
      "value": "ANGLE (Intel, ANGLE Metal Renderer: Intel(R) Iris(TM) Plus Graphics 640, Unspecified Version)"
    },
    {
      "ent_field_name": "Ram",
      "label": "RAM (GB)",
      "value": "8"
    },
    {
      "ent_field_name": "CpuCores",
      "label": "Number of CPU cores",
      "value": "4"
    }
  ],
  "fbid": "122098537760609959",
  "ent_name": "EntWebDeviceInfo"
}