{
  "media": [
    
  ],
  "label_values": [
    {
      "ent_field_name": "UserStats",
      "label": "Usage data",
      "dict": [
        {
          "label": "The number of Reels you have seen in the last 7 days",
          "value": "0"
        },
        {
          "label": "The number of Reels you have seen in the last 30 days",
          "value": "0"
        },
        {
          "label": "The number of Reels you have liked in the last 30 days",
          "value": "0"
        },
        {
          "label": "The number of Reels you have seen in the horizontal Reels tray in the last 7 days",
          "value": "0"
        },
        {
          "label": "The number of Reels you have clicked from the horizontal Reels tray in the last 7 days",
          "value": "0"
        }
      ]
    }
  ],
  "fbid": "61568298782340",
  "ent_name": "EntLaserFbReelsUserStats"
}