[
  {
    "media": [
      
    ],
    "label_values": [
      {
        "ent_field_name": "Platform",
        "label": "Platform"
      },
      {
        "ent_field_name": "IsCompleted",
        "label": "Completed?",
        "value": "True"
      },
      {
        "ent_field_name": "NuxCompletedTime",
        "label": "Time that you completed the onboarding steps",
        "timestamp_value": 1731947412
      },
      {
        "ent_field_name": "HasSeenReNUX",
        "label": "Have you been shown the new user guide again after being inactive?",
        "value": "False"
      },
      {
        "ent_field_name": "HasSentMakeFromNUX",
        "label": "Have you sent a friend request from the new user guide?",
        "value": "False"
      },
      {
        "ent_field_name": "HasBeenSentAPPUNotif",
        "label": "Have you been sent a notification reminder to upload a profile picture?",
        "value": "False"
      }
    ],
    "fbid": "122107904708609959",
    "ent_name": "EntNUXWizard"
  },
  {
    "media": [
      
    ],
    "label_values": [
      {
        "ent_field_name": "Platform",
        "label": "Platform"
      },
      {
        "ent_field_name": "IsCompleted",
        "label": "Completed?",
        "value": "True"
      },
      {
        "ent_field_name": "NuxCompletedTime",
        "label": "Time that you completed the onboarding steps",
        "timestamp_value": 1730981401
      },
      {
        "ent_field_name": "HasSeenReNUX",
        "label": "Have you been shown the new user guide again after being inactive?",
        "value": "False"
      },
      {
        "ent_field_name": "HasSentMakeFromNUX",
        "label": "Have you sent a friend request from the new user guide?",
        "value": "False"
      },
      {
        "ent_field_name": "HasBeenSentAPPUNotif",
        "label": "Have you been sent a notification reminder to upload a profile picture?",
        "value": "False"
      }
    ],
    "fbid": "122098540220609959",
    "ent_name": "EntNUXWizard"
  }
]