{
  "media": [
    
  ],
  "label_values": [
    {
      "ent_field_name": "SeedToFeatures",
      "label": "Recently followed accounts and the date that they were followed",
      "vec": [
        {
          "dict": [
            {
              "label": "Followed account",
              "value": "Animal Bites with Dave Salmoni"
            },
            {
              "label": "Date followed",
              "value": "Nov-07-2024"
            }
          ]
        },
        {
          "dict": [
            {
              "label": "Followed account",
              "value": "New Scientist"
            },
            {
              "label": "Date followed",
              "value": "Nov-07-2024"
            }
          ]
        },
        {
          "dict": [
            {
              "label": "Followed account",
              "value": "NASA Solar System Exploration"
            },
            {
              "label": "Date followed",
              "value": "Nov-07-2024"
            }
          ]
        },
        {
          "dict": [
            {
              "label": "Followed account",
              "value": "NASA Sun Science"
            },
            {
              "label": "Date followed",
              "value": "Nov-07-2024"
            }
          ]
        },
        {
          "dict": [
            {
              "label": "Followed account",
              "value": "National Geographic Animals"
            },
            {
              "label": "Date followed",
              "value": "Nov-07-2024"
            }
          ]
        },
        {
          "dict": [
            {
              "label": "Followed account",
              "value": "Discovery"
            },
            {
              "label": "Date followed",
              "value": "Nov-07-2024"
            }
          ]
        },
        {
          "dict": [
            {
              "label": "Followed account",
              "value": "Science Channel"
            },
            {
              "label": "Date followed",
              "value": "Nov-07-2024"
            }
          ]
        },
        {
          "dict": [
            {
              "label": "Followed account",
              "value": "BBC News"
            },
            {
              "label": "Date followed",
              "value": "Nov-07-2024"
            }
          ]
        },
        {
          "dict": [
            {
              "label": "Followed account",
              "value": "NASA 360"
            },
            {
              "label": "Date followed",
              "value": "Nov-07-2024"
            }
          ]
        },
        {
          "dict": [
            {
              "label": "Followed account",
              "value": "The New York Times"
            },
            {
              "label": "Date followed",
              "value": "Nov-07-2024"
            }
          ]
        },
        {
          "dict": [
            {
              "label": "Followed account",
              "value": "Barack Obama"
            },
            {
              "label": "Date followed",
              "value": "Nov-07-2024"
            }
          ]
        },
        {
          "dict": [
            {
              "label": "Followed account",
              "value": "Discovery Channel UK"
            },
            {
              "label": "Date followed",
              "value": "Nov-07-2024"
            }
          ]
        },
        {
          "dict": [
            {
              "label": "Followed account",
              "value": "TIME"
            },
            {
              "label": "Date followed",
              "value": "Nov-07-2024"
            }
          ]
        },
        {
          "dict": [
            {
              "label": "Followed account",
              "value": "National Geographic"
            },
            {
              "label": "Date followed",
              "value": "Nov-07-2024"
            }
          ]
        }
      ]
    }
  ],
  "fbid": "61568298782340",
  "ent_name": "EntSptfFollowSeedFeatures"
}