{
  "timestamp": 1731947583,
  "media": [
    
  ],
  "label_values": [
    {
      "ent_field_name": "NumSharing",
      "label": "Number of Messenger notifications that were sent when you mentioned someone",
      "value": "1"
    },
    {
      "ent_field_name": "NumShared",
      "label": "Number of Messenger notifications that you've received when someone mentioned you",
      "value": "0"
    },
    {
      "ent_field_name": "TimeCreated",
      "label": "Creation time",
      "timestamp_value": 1731193676
    }
  ],
  "fbid": "122100896780609959",
  "ent_name": "EntMentionsBehavior"
}