{
  "timestamp": 1731076004,
  "media": [
    
  ],
  "label_values": [
    {
      "ent_field_name": "StartTimestamp",
      "label": "Date range start",
      "timestamp_value": -2048515200
    },
    {
      "ent_field_name": "EndTimestamp",
      "label": "Date range end",
      "timestamp_value": 1731075952
    },
    {
      "ent_field_name": "TimeEnded",
      "label": "Request completion time",
      "timestamp_value": 1731076302
    },
    {
      "ent_field_name": "DownloadAttemptCount",
      "label": "How many times did you try to download the file?",
      "value": "0"
    },
    {
      "ent_field_name": "DataTypes",
      "label": "Information types",
      "vec": [
        
      ]
    },
    {
      "ent_field_name": "MediaQuality",
      "label": "Media quality"
    },
    {
      "ent_field_name": "DYIFormat",
      "label": "Output format"
    },
    {
      "ent_field_name": "SeenByUser",
      "label": "Have you seen this archive?",
      "value": "False"
    },
    {
      "ent_field_name": "PendingNotifSent",
      "label": "Have we notified you that your request is taking a long time to process?",
      "value": "False"
    },
    {
      "ent_field_name": "RequestSource",
      "label": "Where you requested your data from"
    },
    {
      "dict": [
        
      ],
      "title": "Files"
    }
  ],
  "fbid": "1274699520393612",
  "ent_name": "EntDYIJob"
}