[
  {
    "title": "Welcome to Facebook!",
    "timestamp": 1731832560,
    "media": [
      
    ],
    "label_values": [
      {
        "ent_field_name": "RecipientEmail",
        "label": "Email address",
        "value": "georgia.dagher@rhul.ac.uk"
      },
      {
        "ent_field_name": "SubjectEncrypted",
        "label": "Subject"
      }
    ],
    "fbid": "122107504766609959",
    "ent_name": "EntSentEmailNotif"
  },
  {
    "title": "Your Meta download request is in progress",
    "timestamp": 1731076003,
    "media": [
      
    ],
    "label_values": [
      {
        "ent_field_name": "RecipientEmail",
        "label": "Email address",
        "value": ""
      },
      {
        "ent_field_name": "SubjectEncrypted",
        "label": "Subject"
      }
    ],
    "fbid": "122099484428609959",
    "ent_name": "EntSentEmailNotif"
  },
  {
    "title": "Welcome to Facebook!",
    "timestamp": 1731068110,
    "media": [
      
    ],
    "label_values": [
      {
        "ent_field_name": "RecipientEmail",
        "label": "Email address",
        "value": "georgia.dagher@rhul.ac.uk"
      },
      {
        "ent_field_name": "SubjectEncrypted",
        "label": "Subject"
      }
    ],
    "fbid": "122099374604609959",
    "ent_name": "EntSentEmailNotif"
  },
  {
    "title": "Welcome to Facebook!",
    "timestamp": 1730981712,
    "media": [
      
    ],
    "label_values": [
      {
        "ent_field_name": "RecipientEmail",
        "label": "Email address",
        "value": "georgia.dagher@rhul.ac.uk"
      },
      {
        "ent_field_name": "SubjectEncrypted",
        "label": "Subject"
      }
    ],
    "fbid": "122098546964609959",
    "ent_name": "EntSentEmailNotif"
  },
  {
    "title": "Welcome to Facebook!",
    "timestamp": 1730981712,
    "media": [
      
    ],
    "label_values": [
      {
        "ent_field_name": "RecipientEmail",
        "label": "Email address",
        "value": ""
      },
      {
        "ent_field_name": "SubjectEncrypted",
        "label": "Subject"
      }
    ],
    "fbid": "122098546952609959",
    "ent_name": "EntSentEmailNotif"
  },
  {
    "title": "",
    "timestamp": 1730981294,
    "media": [
      
    ],
    "label_values": [
      {
        "ent_field_name": "RecipientEmail",
        "label": "Email address",
        "value": "georgia.dagher@rhul.ac.uk"
      },
      {
        "ent_field_name": "SubjectEncrypted",
        "label": "Subject"
      }
    ],
    "fbid": "122098539578609959",
    "ent_name": "EntSentEmailNotif"
  },
  {
    "title": "",
    "timestamp": 1730981111,
    "media": [
      
    ],
    "label_values": [
      {
        "ent_field_name": "RecipientEmail",
        "label": "Email address",
        "value": "georgia.dagher@rhul.ac.uk"
      },
      {
        "ent_field_name": "SubjectEncrypted",
        "label": "Subject"
      }
    ],
    "fbid": "122098537616609959",
    "ent_name": "EntSentEmailNotif"
  }
]