{
  "timestamp": 1730981112,
  "media": [
    
  ],
  "label_values": [
    {
      "ent_field_name": "Locale",
      "label": "Changes to your language setting",
      "vec": [
        {
          "dict": [
            {
              "label": "Timestamp",
              "timestamp_value": 1730981094
            },
            {
              "label": "Language",
              "value": "English (UK)"
            }
          ]
        }
      ]
    }
  ],
  "fbid": "1069525041146638",
  "ent_name": "EntLocaleHistory"
}