{
  "media": [
    
  ],
  "label_values": [
    {
      "ent_field_name": "LastUpdateTime",
      "label": "Update time",
      "timestamp_value": 1731947412
    },
    {
      "ent_field_name": "AuthorizationStatus",
      "label": "Authorisation status",
      "value": "On"
    },
    {
      "ent_field_name": "SoundSetting",
      "label": "Sound setting",
      "value": "Off"
    },
    {
      "ent_field_name": "BadgeSetting",
      "label": "Badge setting",
      "value": "On"
    },
    {
      "ent_field_name": "AlertSetting",
      "label": "Alert setting",
      "value": "Off"
    },
    {
      "ent_field_name": "NotificationCenterSetting",
      "label": "Notification Centre setting",
      "value": "Off"
    },
    {
      "ent_field_name": "LockScreenSetting",
      "label": "Lock screen setting",
      "value": "Off"
    },
    {
      "ent_field_name": "CarPlaySetting",
      "label": "CarPlay setting",
      "value": "Unknown"
    },
    {
      "ent_field_name": "AlertStyle",
      "label": "Alert-style setting",
      "value": "0"
    }
  ],
  "fbid": "122107904756609959",
  "ent_name": "EntOSPushSetting"
}