{
  "media": [
    
  ],
  "label_values": [
    {
      "ent_field_name": "WatchlistBizPagesOptedOut",
      "label": "Have you opted opt out of videos from business Pages?",
      "value": "True"
    },
    {
      "ent_field_name": "WatchlistAllPagesOptedOut",
      "label": "Have you opted out of videos from all of the Pages?",
      "value": "False"
    },
    {
      "ent_field_name": "PreferredWatchLocales",
      "label": "Preferred languages",
      "vec": [
        
      ]
    }
  ],
  "fbid": "122098540190609959",
  "ent_name": "EntWatchSettings"
}