{
  "media": [
    
  ],
  "label_values": [
    {
      "ent_field_name": "AudienceMode",
      "label": "Who can see your story",
      "value": "Friends"
    },
    {
      "ent_field_name": "StoryArchiveSavingMode",
      "label": "Save stories to archive",
      "value": "Disabled"
    },
    {
      "ent_field_name": "AllowsMentionStoryReshare",
      "label": "Allow anyone you tag to share your story to their story for an additional 24 hours",
      "value": "None"
    },
    {
      "ent_field_name": "GlobalStoryCommentingSetting",
      "label": "Story commenting settings",
      "value": "Unset"
    }
  ],
  "fbid": "122098540256609959",
  "ent_name": "EntUnifiedStoriesPreferences"
}