{
  "timestamp": 1730983268,
  "media": [
    
  ],
  "label_values": [
    {
      "ent_field_name": "UserFeedbackSetting",
      "label": "Low-quality content",
      "value": "Default"
    },
    {
      "ent_field_name": "IncentivizingCreatorsSetting",
      "label": "Unoriginal content and problematic sharing",
      "value": "Default"
    },
    {
      "ent_field_name": "SaferCommunitySetting",
      "label": "Sensitive content",
      "value": "Default"
    },
    {
      "ent_field_name": "MisinformationSetting",
      "label": "Content reduced by fact-checking",
      "value": "Default"
    },
    {
      "ent_field_name": "PoliticsControlSetting",
      "label": "Political content",
      "value": "Default"
    },
    {
      "ent_field_name": "LatestUpdateTime",
      "label": "Last updated time",
      "timestamp_value": 1730983268
    }
  ],
  "fbid": "569425982306449",
  "ent_name": "EntSensitiveContentDemotionSetting"
}