{
  "relationships_following": [
    {
      "title": "",
      "media_list_data": [
        
      ],
      "string_list_data": [
        {
          "href": "https://www.instagram.com/ladygaga",
          "value": "ladygaga",
          "timestamp": 1732024508
        }
      ]
    },
    {
      "title": "",
      "media_list_data": [
        
      ],
      "string_list_data": [
        {
          "href": "https://www.instagram.com/nytopinion",
          "value": "nytopinion",
          "timestamp": 1732024465
        }
      ]
    },
    {
      "title": "",
      "media_list_data": [
        
      ],
      "string_list_data": [
        {
          "href": "https://www.instagram.com/natgeo",
          "value": "natgeo",
          "timestamp": 1732024378
        }
      ]
    },
    {
      "title": "",
      "media_list_data": [
        
      ],
      "string_list_data": [
        {
          "href": "https://www.instagram.com/youngkingstv",
          "value": "youngkingstv",
          "timestamp": 1732023034
        }
      ]
    },
    {
      "title": "",
      "media_list_data": [
        
      ],
      "string_list_data": [
        {
          "href": "https://www.instagram.com/thedodo",
          "value": "thedodo",
          "timestamp": 1732022695
        }
      ]
    },
    {
      "title": "",
      "media_list_data": [
        
      ],
      "string_list_data": [
        {
          "href": "https://www.instagram.com/animalsdoingthings",
          "value": "animalsdoingthings",
          "timestamp": 1732022688
        }
      ]
    },
    {
      "title": "",
      "media_list_data": [
        
      ],
      "string_list_data": [
        {
          "href": "https://www.instagram.com/mrbeast",
          "value": "mrbeast",
          "timestamp": 1732022485
        }
      ]
    },
    {
      "title": "",
      "media_list_data": [
        
      ],
      "string_list_data": [
        {
          "href": "https://www.instagram.com/zayn",
          "value": "zayn",
          "timestamp": 1732022485
        }
      ]
    },
    {
      "title": "",
      "media_list_data": [
        
      ],
      "string_list_data": [
        {
          "href": "https://www.instagram.com/cristiano",
          "value": "cristiano",
          "timestamp": 1732022485
        }
      ]
    },
    {
      "title": "",
      "media_list_data": [
        
      ],
      "string_list_data": [
        {
          "href": "https://www.instagram.com/leomessi",
          "value": "leomessi",
          "timestamp": 1732022485
        }
      ]
    },
    {
      "title": "",
      "media_list_data": [
        
      ],
      "string_list_data": [
        {
          "href": "https://www.instagram.com/annehathaway",
          "value": "annehathaway",
          "timestamp": 1732022485
        }
      ]
    },
    {
      "title": "",
      "media_list_data": [
        
      ],
      "string_list_data": [
        {
          "href": "https://www.instagram.com/meganmckenna",
          "value": "meganmckenna",
          "timestamp": 1732022485
        }
      ]
    },
    {
      "title": "",
      "media_list_data": [
        
      ],
      "string_list_data": [
        {
          "href": "https://www.instagram.com/ksi",
          "value": "ksi",
          "timestamp": 1732022485
        }
      ]
    },
    {
      "title": "",
      "media_list_data": [
        
      ],
      "string_list_data": [
        {
          "href": "https://www.instagram.com/jackwhitehall",
          "value": "jackwhitehall",
          "timestamp": 1732022484
        }
      ]
    }
  ]
}