[
  {
    "timestamp": 1731947846,
    "media": [
      
    ],
    "label_values": [
      {
        "ent_field_name": "OriginalContentURL",
        "label": "URL",
        "value": "https://www.facebook.com/reel/9158993837461677?fs=e",
        "href": "https://www.facebook.com/reel/9158993837461677?fs=e"
      }
    ],
    "fbid": "122107905512609959",
    "ent_name": "EntShareURLWrapperMetadata"
  },
  {
    "timestamp": 1731947784,
    "media": [
      
    ],
    "label_values": [
      {
        "ent_field_name": "OriginalContentURL",
        "label": "URL",
        "value": "https://www.facebook.com/reel/3860928740848581?fs=e",
        "href": "https://www.facebook.com/reel/3860928740848581?fs=e"
      }
    ],
    "fbid": "122107905398609959",
    "ent_name": "EntShareURLWrapperMetadata"
  },
  {
    "timestamp": 1731947583,
    "media": [
      
    ],
    "label_values": [
      {
        "ent_field_name": "OriginalContentURL",
        "label": "URL",
        "value": "https://www.facebook.com/reel/1881746088983680?fs=e",
        "href": "https://www.facebook.com/reel/1881746088983680?fs=e"
      }
    ],
    "fbid": "122107905080609959",
    "ent_name": "EntShareURLWrapperMetadata"
  }
]