[
  {
    "timestamp": 1731947583,
    "attachments": [
      {
        "data": [
          {
            "external_context": {
              "name": "\u00e2\u0080\u00a6.\n\n#cat #cats #catlife #catlover #catlovers #kitten #cute #kittens #kitties #kittensofinstagram #instagram #instagood #instadaily #straycat #love #happy #repost #pet #pets #petstagram #petlovers #petlover #petsofinstagram #instamood #insta #instalove #instacat #daily #video #daily #cats_of_world",
              "source": "Instagram",
              "url": "https://www.instagram.com/reel/DA08MJcOgSD/"
            }
          }
        ]
      }
    ],
    "data": [
      {
        "update_timestamp": 1731947583
      },
      {
        
      },
      {
        
      }
    ],
    "title": "Geo Dag shared a post."
  },
  {
    "timestamp": 1731947583,
    "attachments": [
      {
        "data": [
          {
            "external_context": {
              "name": "\u00e2\u0080\u00a6.\n\n#cat #cats #catlife #catlover #catlovers #kitten #cute #kittens #kitties #kittensofinstagram #instagram #instagood #instadaily #straycat #love #happy #repost #pet #pets #petstagram #petlovers #petlover #petsofinstagram #instamood #insta #instalove #instacat #daily #video #daily #cats_of_world",
              "source": "Instagram",
              "url": "https://www.instagram.com/reel/DA08MJcOgSD/"
            }
          }
        ]
      }
    ],
    "data": [
      {
        "update_timestamp": 1731947583
      },
      {
        
      },
      {
        
      },
      {
        
      }
    ],
    "title": "Geo Dag shared a post."
  },
  {
    "timestamp": 1730981094,
    "attachments": [
      {
        "data": [
          {
            "life_event": {
              "title": "Born on 21 November 1996",
              "start_date": {
                "year": 1996,
                "month": 11,
                "day": 21
              }
            }
          }
        ]
      }
    ],
    "data": [
      {
        "backdated_timestamp": 848563200
      },
      {
        
      }
    ],
    "title": "Geo Dag added a life event from 21 November 1996: Born on 21 November 1996."
  }
]