{
  "timestamp": 1730981356,
  "media": [
    
  ],
  "label_values": [
    {
      "ent_field_name": "LanguageKeyboardSignal",
      "label": "Predicted language(s) based on keyboard",
      "value": ""
    },
    {
      "ent_field_name": "LanguageRegionSignal",
      "label": "Predicted language(s) based on region",
      "value": "en, pl, es, fr, it, lt, ro, zh"
    },
    {
      "ent_field_name": "UpdateTime",
      "label": "Update time",
      "timestamp_value": 1731947477
    }
  ],
  "fbid": "122098540208609959",
  "ent_name": "EntNPRNewUserColdStartSignal"
}