{
  "profile_v2": {
    "name": {
      "full_name": "Geo Dag",
      "first_name": "Geo",
      "middle_name": "",
      "last_name": "Dag"
    },
    "emails": {
      "emails": [
        "georgia.dagher@rhul.ac.uk"
      ],
      "previous_emails": [
        
      ],
      "pending_emails": [
        
      ],
      "ad_account_emails": [
        
      ]
    },
    "birthday": {
      "year": 1996,
      "month": 11,
      "day": 21
    },
    "gender": {
      "gender_option": "FEMALE",
      "pronoun": "FEMALE"
    },
    "previous_names": [
      {
        "name": "Georgia Dagher",
        "timestamp": 1730982426
      }
    ],
    "other_names": [
      
    ],
    "education_experiences": [
      
    ],
    "work_experiences": [
      
    ],
    "websites": [
      
    ],
    "phone_numbers": [
      
    ],
    "registration_timestamp": 1730981100,
    "profile_uri": "https://www.facebook.com/profile.php?id=61568298782340"
  }
}