{
  "profile_updates_v2": [
    {
      "timestamp": 1730981094,
      "attachments": [
        {
          "data": [
            {
              "life_event": {
                "title": "Born on 21 November 1996",
                "start_date": {
                  "year": 1996,
                  "month": 11,
                  "day": 21
                }
              }
            }
          ]
        }
      ],
      "data": [
        {
          "backdated_timestamp": 848563200
        },
        {
          
        }
      ],
      "title": "Geo Dag added a life event from 21 November 1996: Born on 21 November 1996."
    },
    {
      "timestamp": 1730981728,
      "title": "Geo Dag added National Geographic to her profile."
    },
    {
      "timestamp": 1730981731,
      "title": "Geo Dag added TIME to her profile."
    },
    {
      "timestamp": 1730981733,
      "title": "Geo Dag added Barack Obama to her profile."
    },
    {
      "timestamp": 1730981737,
      "title": "Geo Dag added NASA 360 to her profile."
    },
    {
      "timestamp": 1730981739,
      "title": "Geo Dag added BBC News to her profile."
    },
    {
      "timestamp": 1730981749,
      "title": "Geo Dag added Science Channel to her profile."
    },
    {
      "timestamp": 1730981752,
      "title": "Geo Dag added Discovery to her profile."
    },
    {
      "timestamp": 1730981753,
      "title": "Geo Dag added National Geographic Animals to her profile."
    },
    {
      "timestamp": 1730981759,
      "title": "Geo Dag added NASA Sun Science to her profile."
    },
    {
      "timestamp": 1730981761,
      "title": "Geo Dag added NASA Solar System Exploration to her profile."
    },
    {
      "timestamp": 1730981763,
      "title": "Geo Dag added New Scientist to her profile."
    },
    {
      "timestamp": 1730981775,
      "title": "Geo Dag added Animal Bites with Dave Salmoni to her profile."
    },
    {
      "timestamp": 1730982568,
      "attachments": [
        {
          "data": [
            {
              "media": {
                "uri": "your_facebook_activity/posts/media/Profilepictures_DPr_dxZoyg/465864090_122098554986609959_6557381045833724738_n_122098554974609959.png",
                "creation_timestamp": 1730982568,
                "media_metadata": {
                  "photo_metadata": {
                    "exif_data": [
                      {
                        "upload_ip": "81.98.165.127",
                        "taken_timestamp": 1730982573
                      }
                    ]
                  }
                },
                "title": "Profile pictures",
                "backup_uri": "https://scontent-man2-1.xx.fbcdn.net/v/t39.30808-6/465864090_122098554986609959_6557381045833724738_n.png?_nc_cat=106&ccb=1-7&_nc_sid=eed8e3&_nc_ohc=GiSKpOOnYVUQ7kNvgGn4cRl&_nc_ad=z-m&_nc_cid=0&_nc_zt=23&_nc_ht=scontent-man2-1.xx&oh=00_AYB0UuFOjhzJ79b0BTWV3reRHZZd7fTlZMwaGK-qTQzCKA&oe=6741334B"
              }
            }
          ]
        }
      ],
      "title": "Geo Dag updated her profile picture."
    },
    {
      "timestamp": 1731947683,
      "title": "Geo Dag added Greek Garden Maine Coons to her profile."
    }
  ]
}