{
  "media": [
    
  ],
  "label_values": [
    {
      "ent_field_name": "FamilyDeviceId",
      "label": "Device ID",
      "value": "63400AA8-9D04-40B0-A9DA-DE48DD0F4BC1"
    },
    {
      "ent_field_name": "CreationKey",
      "label": "Device ID at creation time",
      "value": "63400AA8-9D04-40B0-A9DA-DE48DD0F4BC1"
    },
    {
      "ent_field_name": "FamilyDeviceIdInfo",
      "label": "Device ID details",
      "dict": [
        {
          "ent_field_name": "FamilyDeviceIdInfo.first_seen_time",
          "label": "first_seen_time",
          "timestamp_value": 1731752573
        },
        {
          "ent_field_name": "FamilyDeviceIdInfo.last_seen_time",
          "label": "last_seen_time",
          "timestamp_value": 1731920928
        }
      ]
    },
    {
      "ent_field_name": "AndroidId",
      "label": "Android ID",
      "value": ""
    },
    {
      "ent_field_name": "AndroidIdHistory",
      "label": "Android ID history",
      "vec": [
        
      ]
    },
    {
      "ent_field_name": "HardwareId",
      "label": "Hardware ID",
      "value": ""
    },
    {
      "ent_field_name": "HardwareIdHistory",
      "label": "Hardware ID history",
      "vec": [
        
      ]
    },
    {
      "ent_field_name": "GoogleAdvertiserId",
      "label": "Google advertiser ID",
      "value": ""
    },
    {
      "ent_field_name": "CurrentConnectionStatus",
      "label": "Current connection status",
      "value": ""
    },
    {
      "ent_field_name": "OSType",
      "label": "OS type",
      "value": "iOS"
    },
    {
      "ent_field_name": "OSVersion",
      "label": "OS version",
      "value": "17.6.1"
    },
    {
      "ent_field_name": "DeviceType",
      "label": "Device type",
      "value": "iPhone14,4"
    },
    {
      "ent_field_name": "ScreenSize",
      "label": "Screen size",
      "vec": [
        {
          "ent_field_name": "",
          "value": "812"
        },
        {
          "ent_field_name": "",
          "value": "375"
        }
      ]
    },
    {
      "ent_field_name": "Density",
      "label": "Device density",
      "value": "3"
    },
    {
      "ent_field_name": "YearClass",
      "label": "Year device was made",
      "value": ""
    },
    {
      "ent_field_name": "Installer",
      "label": "Installer",
      "value": ""
    },
    {
      "ent_field_name": "ReliableCoreCount",
      "label": "Number of CPU cores",
      "value": "0"
    },
    {
      "ent_field_name": "Manufacturer",
      "label": "Manufacturer",
      "value": ""
    },
    {
      "ent_field_name": "UserAgent",
      "label": "User agent",
      "value": ""
    },
    {
      "ent_field_name": "FamilyDeviceIdHistory",
      "label": "Device ID history",
      "dict": [
        {
          "ent_field_name": "FamilyDeviceIdHistory.key",
          "label": "66A5FEE4-4B77-46E7-A5D6-132164D084D3",
          "dict": [
            {
              "ent_field_name": "FamilyDeviceIdHistoryFamilyDeviceIdHistory.value.first_seen_time",
              "label": "first_seen_time",
              "timestamp_value": 1598372737
            },
            {
              "ent_field_name": "FamilyDeviceIdHistoryFamilyDeviceIdHistory.value.last_seen_time",
              "label": "last_seen_time",
              "timestamp_value": 1688121763
            }
          ]
        },
        {
          "ent_field_name": "FamilyDeviceIdHistory.key",
          "label": "1918639A-36BF-41EA-A42B-63148B0E5832",
          "dict": [
            {
              "ent_field_name": "FamilyDeviceIdHistoryFamilyDeviceIdHistory.value.first_seen_time",
              "label": "first_seen_time",
              "timestamp_value": 1625988770
            },
            {
              "ent_field_name": "FamilyDeviceIdHistoryFamilyDeviceIdHistory.value.last_seen_time",
              "label": "last_seen_time",
              "timestamp_value": 1627923817
            }
          ]
        },
        {
          "ent_field_name": "FamilyDeviceIdHistory.key",
          "label": "52E31A8C-4E60-4058-A69F-88787EDCF8F2",
          "dict": [
            {
              "ent_field_name": "FamilyDeviceIdHistoryFamilyDeviceIdHistory.value.first_seen_time",
              "label": "first_seen_time",
              "timestamp_value": 1688672946
            },
            {
              "ent_field_name": "FamilyDeviceIdHistoryFamilyDeviceIdHistory.value.last_seen_time",
              "label": "last_seen_time",
              "timestamp_value": 1688672946
            }
          ]
        },
        {
          "ent_field_name": "FamilyDeviceIdHistory.key",
          "label": "66782D6C-BA3D-4BF6-8A06-04082FD7CBDA",
          "dict": [
            {
              "ent_field_name": "FamilyDeviceIdHistoryFamilyDeviceIdHistory.value.first_seen_time",
              "label": "first_seen_time",
              "timestamp_value": 1688700442
            },
            {
              "ent_field_name": "FamilyDeviceIdHistoryFamilyDeviceIdHistory.value.last_seen_time",
              "label": "last_seen_time",
              "timestamp_value": 1688724282
            }
          ]
        },
        {
          "ent_field_name": "FamilyDeviceIdHistory.key",
          "label": "F7200B87-9DD6-4775-884C-6302F1C0977F",
          "dict": [
            {
              "ent_field_name": "FamilyDeviceIdHistoryFamilyDeviceIdHistory.value.first_seen_time",
              "label": "first_seen_time",
              "timestamp_value": 1688728444
            },
            {
              "ent_field_name": "FamilyDeviceIdHistoryFamilyDeviceIdHistory.value.last_seen_time",
              "label": "last_seen_time",
              "timestamp_value": 1730916099
            }
          ]
        },
        {
          "ent_field_name": "FamilyDeviceIdHistory.key",
          "label": "A0C52F68-C09A-44B0-A174-22206E0DEE0F",
          "dict": [
            {
              "ent_field_name": "FamilyDeviceIdHistoryFamilyDeviceIdHistory.value.first_seen_time",
              "label": "first_seen_time",
              "timestamp_value": 1688887494
            },
            {
              "ent_field_name": "FamilyDeviceIdHistoryFamilyDeviceIdHistory.value.last_seen_time",
              "label": "last_seen_time",
              "timestamp_value": 1688889620
            }
          ]
        },
        {
          "ent_field_name": "FamilyDeviceIdHistory.key",
          "label": "A4E7D023-794C-4092-9592-9E2D9AC15BE1",
          "dict": [
            {
              "ent_field_name": "FamilyDeviceIdHistoryFamilyDeviceIdHistory.value.first_seen_time",
              "label": "first_seen_time",
              "timestamp_value": 1688995436
            },
            {
              "ent_field_name": "FamilyDeviceIdHistoryFamilyDeviceIdHistory.value.last_seen_time",
              "label": "last_seen_time",
              "timestamp_value": 1712822448
            }
          ]
        },
        {
          "ent_field_name": "FamilyDeviceIdHistory.key",
          "label": "6ACE666B-C2C8-439B-8F3D-870C5DA3E30E",
          "dict": [
            {
              "ent_field_name": "FamilyDeviceIdHistoryFamilyDeviceIdHistory.value.first_seen_time",
              "label": "first_seen_time",
              "timestamp_value": 1730971854
            },
            {
              "ent_field_name": "FamilyDeviceIdHistoryFamilyDeviceIdHistory.value.last_seen_time",
              "label": "last_seen_time",
              "timestamp_value": 1731484839
            }
          ]
        },
        {
          "ent_field_name": "FamilyDeviceIdHistory.key",
          "label": "C9A399BE-8416-46A9-9EA1-AECA3AFB808D",
          "dict": [
            {
              "ent_field_name": "FamilyDeviceIdHistoryFamilyDeviceIdHistory.value.first_seen_time",
              "label": "first_seen_time",
              "timestamp_value": 1731535146
            },
            {
              "ent_field_name": "FamilyDeviceIdHistoryFamilyDeviceIdHistory.value.last_seen_time",
              "label": "last_seen_time",
              "timestamp_value": 1731747805
            }
          ]
        },
        {
          "ent_field_name": "FamilyDeviceIdHistory.key",
          "label": "16C9727C-DBA7-4FDB-9300-E075C9679282",
          "dict": [
            {
              "ent_field_name": "FamilyDeviceIdHistoryFamilyDeviceIdHistory.value.first_seen_time",
              "label": "first_seen_time",
              "timestamp_value": 1731752573
            },
            {
              "ent_field_name": "FamilyDeviceIdHistoryFamilyDeviceIdHistory.value.last_seen_time",
              "label": "last_seen_time",
              "timestamp_value": 1731830502
            }
          ]
        }
      ]
    },
    {
      "ent_field_name": "IsTablet",
      "label": "Is tablet?",
      "value": "False"
    },
    {
      "ent_field_name": "GoogleAccounts",
      "label": "Number of Google accounts",
      "value": "0"
    }
  ],
  "fbid": "8453420721422974",
  "ent_name": "FDEntDevice"
}