{
  "saves_v2": [
    {
      "timestamp": 1730981901,
      "title": "Geo Dag saved a product from Allison Doyon Gottschalk's post."
    },
    {
      "timestamp": 1730981901,
      "title": "Geo Dag saved a product from Allison Doyon Gottschalk's post."
    },
    {
      "timestamp": 1730981931,
      "title": "Geo Dag saved a product from Tommy Clark's post."
    },
    {
      "timestamp": 1730981931,
      "title": "Geo Dag saved a product from Tommy Clark's post."
    },
    {
      "timestamp": 1730981947,
      "title": "Geo Dag saved a product from Maribel Lozano Nogales's post."
    },
    {
      "timestamp": 1730981947,
      "title": "Geo Dag saved a product from Maribel Lozano Nogales's post."
    },
    {
      "timestamp": 1730981995,
      "title": "Geo Dag saved a product from Emna Ben Khaled's post."
    },
    {
      "timestamp": 1730981995,
      "title": "Geo Dag saved a product from Emna Ben Khaled's post."
    }
  ]
}