{
  "following_v3": [
    {
      "name": "Mountain Crest Maine Coons",
      "timestamp": 1731947889
    },
    {
      "name": "Greek Garden Maine Coons",
      "timestamp": 1731947683
    },
    {
      "name": "HKG Life",
      "timestamp": 1731947441
    },
    {
      "name": "Animal Bites with Dave Salmoni",
      "timestamp": 1730981775
    },
    {
      "name": "New Scientist",
      "timestamp": 1730981762
    },
    {
      "name": "NASA Solar System Exploration",
      "timestamp": 1730981761
    },
    {
      "name": "NASA Sun Science",
      "timestamp": 1730981758
    },
    {
      "name": "National Geographic Animals",
      "timestamp": 1730981753
    },
    {
      "name": "Discovery",
      "timestamp": 1730981752
    },
    {
      "name": "Science Channel",
      "timestamp": 1730981749
    },
    {
      "name": "BBC News",
      "timestamp": 1730981736
    },
    {
      "name": "The New York Times",
      "timestamp": 1730981735
    },
    {
      "name": "NASA 360",
      "timestamp": 1730981735
    },
    {
      "name": "Barack Obama",
      "timestamp": 1730981730
    },
    {
      "name": "Discovery Channel UK",
      "timestamp": 1730981729
    },
    {
      "name": "TIME",
      "timestamp": 1730981729
    },
    {
      "name": "National Geographic",
      "timestamp": 1730981725
    }
  ]
}