{
  "profile_user": [
    {
      "title": "User Information",
      "media_map_data": {
        "Profile Photo": {
          "uri": "media/profile/202411/467385635_1112589380354747_5666028781759388883_n_17897464425094127.jpg",
          "creation_timestamp": 1732022575,
          "media_metadata": {
            "camera_metadata": {
              "has_camera_metadata": false
            }
          },
          "title": "",
          "cross_post_source": {
            "source_app": "FB"
          },
          "backup_uri": "https://interncache-ldc.fbcdn.net/v/t51.2885-15/467385635_1112589380354747_5666028781759388883_n.jpg?ccb=1-7&_nc_sid=18de74&efg=eyJ1cmxnZW4iOiJwaHBfdXJsZ2VuX2NsaWVudC9tZXRhX3VuaXZlcnNlL2VudGl0eS9pbnN0YWdyYW0vYmVzdF9pbWFnZSJ9&_nc_ad=z-m&_nc_cid=0&_nc_zt=23&oh=00_AYA0D1Ql0YBl8dA9r2uNHmzVMgquvPVdT3JOV0UUJcSKJw&oe=6743B950"
        }
      },
      "string_map_data": {
        "Email": {
          "href": "",
          "value": "georgia.dagher@rhul.ac.uk",
          "timestamp": 0
        },
        "Phone Confirmed": {
          "href": "",
          "value": "False",
          "timestamp": 0
        },
        "Username": {
          "href": "",
          "value": "geodag91",
          "timestamp": 0
        },
        "Name": {
          "href": "",
          "value": "Geo dag",
          "timestamp": 0
        },
        "Gender": {
          "href": "",
          "value": "female",
          "timestamp": 0
        },
        "Date of birth": {
          "href": "",
          "value": "1995-09-17",
          "timestamp": 0
        },
        "Private Account": {
          "href": "",
          "value": "False",
          "timestamp": 0
        },
        "Emoji Pong High Score": {
          "href": "",
          "value": "0",
          "timestamp": 0
        }
      }
    }
  ]
}