{
  "name": "Profile pictures",
  "photos": [
    {
      "uri": "your_facebook_activity/posts/media/Profilepictures_DPr_dxZoyg/465864090_122098554986609959_6557381045833724738_n_122098554974609959.png",
      "creation_timestamp": 1730982568,
      "media_metadata": {
        "photo_metadata": {
          "exif_data": [
            {
              "upload_ip": "81.98.165.127",
              "taken_timestamp": 1730982573
            }
          ]
        }
      },
      "title": "Profile pictures",
      "backup_uri": "https://scontent-man2-1.xx.fbcdn.net/v/t39.30808-6/465864090_122098554986609959_6557381045833724738_n.png?_nc_cat=106&ccb=1-7&_nc_sid=eed8e3&_nc_ohc=GiSKpOOnYVUQ7kNvgGn4cRl&_nc_ad=z-m&_nc_cid=0&_nc_zt=23&_nc_ht=scontent-man2-1.xx&oh=00_AYB0UuFOjhzJ79b0BTWV3reRHZZd7fTlZMwaGK-qTQzCKA&oe=6741334B"
    }
  ],
  "cover_photo": {
    "uri": "your_facebook_activity/posts/media/Profilepictures_DPr_dxZoyg/465864090_122098554986609959_6557381045833724738_n_122098554974609959.png",
    "creation_timestamp": 1730982568,
    "media_metadata": {
      "photo_metadata": {
        "exif_data": [
          {
            "upload_ip": "81.98.165.127",
            "taken_timestamp": 1730982573
          }
        ]
      }
    },
    "title": "Profile pictures",
    "backup_uri": "https://scontent-man2-1.xx.fbcdn.net/v/t39.30808-6/465864090_122098554986609959_6557381045833724738_n.png?_nc_cat=106&ccb=1-7&_nc_sid=eed8e3&_nc_ohc=GiSKpOOnYVUQ7kNvgGn4cRl&_nc_ad=z-m&_nc_cid=0&_nc_zt=23&_nc_ht=scontent-man2-1.xx&oh=00_AYB0UuFOjhzJ79b0BTWV3reRHZZd7fTlZMwaGK-qTQzCKA&oe=6741334B"
  },
  "last_modified_timestamp": 1730982575,
  "description": ""
}