{
  "timestamp": 1731947426,
  "media": [
    
  ],
  "label_values": [
    {
      "ent_field_name": "PromotionOrCampaignCoordinatorId",
      "label": "Message",
      "value": "In-app Message 1105997544112022"
    },
    {
      "ent_field_name": "Action",
      "label": "Click type",
      "value": "Primary Click"
    },
    {
      "ent_field_name": "Count",
      "label": "Count",
      "value": "1"
    }
  ],
  "fbid": "1105997544112022:61568298782340:pri",
  "ent_name": "QPEntUserActionKeyToQP"
}