[{
  "header": "YouTube",
  "title": "Searched for trt world breaking from zionism",
  "titleUrl": "https://www.youtube.com/results?search_query\u003dtrt+world+breaking+from+zionism",
  "time": "2025-01-25T20:04:19.664Z",
  "products": ["YouTube"],
  "activityControls": ["YouTube search history"]
},{
  "header": "YouTube",
  "title": "Searched for trt world",
  "titleUrl": "https://www.youtube.com/results?search_query\u003dtrt+world",
  "time": "2025-01-25T20:04:05.549Z",
  "products": ["YouTube"],
  "activityControls": ["YouTube search history"]
},{
  "header": "YouTube",
  "title": "Watched Why doesn\u0027t everyone in the UK have brand new Solar?",
  "titleUrl": "https://www.youtube.com/watch?v\u003dMi4n7oj1X3o",
  "description": "Watched at 6:52 PM",
  "time": "2025-01-20T18:52:05.656Z",
  "products": ["YouTube"],
  "details": [{
    "name": "From Google Ads"
  }],
  "activityControls": ["Web \u0026 App Activity", "YouTube watch history", "YouTube search history"]
},{
  "header": "YouTube",
  "title": "Watched kr1068697kr 630223 ccs lt it1452 shaking candies longform replaitest batch35 concept1559 msl sim gp",
  "titleUrl": "https://www.youtube.com/watch?v\u003dBZ_QIL4Q1c4",
  "description": "Watched at 11:21 AM",
  "time": "2025-01-18T11:21:52.273Z",
  "products": ["YouTube"],
  "details": [{
    "name": "From Google Ads"
  }],
  "activityControls": ["Web \u0026 App Activity", "YouTube watch history", "YouTube search history"]
},{
  "header": "YouTube",
  "title": "Searched for jizue live at kyoto",
  "titleUrl": "https://www.youtube.com/results?search_query\u003djizue+live+at+kyoto",
  "time": "2025-01-18T11:21:41.794Z",
  "products": ["YouTube"],
  "activityControls": ["YouTube search history"]
},{
  "header": "YouTube",
  "title": "Watched A new era | AutoSergei | Compare the Market",
  "titleUrl": "https://www.youtube.com/watch?v\u003dZcaYAtXzDRU",
  "description": "Watched at 1:23 PM",
  "time": "2025-01-17T13:23:46.055Z",
  "products": ["YouTube"],
  "details": [{
    "name": "From Google Ads"
  }],
  "activityControls": ["Web \u0026 App Activity", "YouTube watch history", "YouTube search history"]
},{
  "header": "YouTube",
  "title": "Watched EN CL126 ALT180 4 5 1",
  "titleUrl": "https://www.youtube.com/watch?v\u003dDMbYcydbflY",
  "description": "Watched at 1:23 PM",
  "time": "2025-01-17T13:23:07.732Z",
  "products": ["YouTube"],
  "details": [{
    "name": "From Google Ads"
  }],
  "activityControls": ["Web \u0026 App Activity", "YouTube watch history", "YouTube search history"]
},{
  "header": "YouTube",
  "title": "Watched Try New Limited Edition Walkers Extra Flamin\u0027 Hot",
  "titleUrl": "https://www.youtube.com/watch?v\u003dU-sDsxKKWO4",
  "description": "Watched at 1:13 PM",
  "time": "2025-01-17T13:13:02.220Z",
  "products": ["YouTube"],
  "details": [{
    "name": "From Google Ads"
  }],
  "activityControls": ["Web \u0026 App Activity", "YouTube watch history", "YouTube search history"]
},{
  "header": "YouTube",
  "title": "Watched EN CL126 ALT237 9 16 1",
  "titleUrl": "https://www.youtube.com/watch?v\u003dB4OjrXLHamM",
  "description": "Watched at 1:12 PM",
  "time": "2025-01-17T13:12:31.446Z",
  "products": ["YouTube"],
  "details": [{
    "name": "From Google Ads"
  }],
  "activityControls": ["Web \u0026 App Activity", "YouTube watch history", "YouTube search history"]
},{
  "header": "YouTube",
  "title": "Watched Extra Refreshers",
  "titleUrl": "https://www.youtube.com/watch?v\u003d40G9BE_Sq0s",
  "description": "Watched at 1:02 PM",
  "time": "2025-01-17T13:02:39.351Z",
  "products": ["YouTube"],
  "details": [{
    "name": "From Google Ads"
  }],
  "activityControls": ["Web \u0026 App Activity", "YouTube watch history", "YouTube search history"]
},{
  "header": "YouTube",
  "title": "Searched for burning heads embers of protest",
  "titleUrl": "https://www.youtube.com/results?search_query\u003dburning+heads+embers+of+protest",
  "time": "2025-01-17T13:02:35.178Z",
  "products": ["YouTube"],
  "activityControls": ["YouTube search history"]
},{
  "header": "YouTube",
  "title": "Searched for opposite burning heads",
  "titleUrl": "https://www.youtube.com/results?search_query\u003dopposite+burning+heads",
  "time": "2025-01-17T13:02:06.834Z",
  "products": ["YouTube"],
  "activityControls": ["YouTube search history"]
},{
  "header": "YouTube",
  "title": "Searched for classical music",
  "titleUrl": "https://www.youtube.com/results?search_query\u003dclassical+music",
  "time": "2025-01-13T10:37:12.779Z",
  "products": ["YouTube"],
  "activityControls": ["YouTube search history"]
},{
  "header": "YouTube",
  "title": "Searched for al jazeera live",
  "titleUrl": "https://www.youtube.com/results?search_query\u003dal+jazeera+live",
  "time": "2025-01-09T14:40:48.255Z",
  "products": ["YouTube"],
  "activityControls": ["YouTube search history"]
}]