[{
  "header": "YouTube",
  "title": "Viewed Ads On YouTube Homepage",
  "time": "2025-01-29T10:45:09.492Z",
  "products": ["YouTube"],
  "details": [{
    "name": "From Google Ads"
  }],
  "activityControls": ["Web \u0026 App Activity", "YouTube watch history"]
},{
  "header": "YouTube",
  "title": "Watched GYOW 3.0 - Category Dining Room - 15\" | Wayfair",
  "titleUrl": "https://www.youtube.com/watch?v\u003dzpJNcZRUSuo",
  "time": "2025-01-29T10:44:52.221Z",
  "products": ["YouTube"],
  "details": [{
    "name": "From Google Ads"
  }],
  "activityControls": ["Web \u0026 App Activity", "YouTube watch history"]
},{
  "header": "YouTube",
  "title": "Watched Do Make Say Think - \"Other Truths\" (Full Album)",
  "titleUrl": "https://www.youtube.com/watch?v\u003dV0xI4IFyOsw",
  "subtitles": [{
    "name": "Goron Vapist",
    "url": "https://www.youtube.com/channel/UCwQkYhZb_p-2VbTkq4uj2oQ"
  }],
  "time": "2025-01-26T12:58:53.447Z",
  "products": ["YouTube"],
  "activityControls": ["YouTube watch history"]
},{
  "header": "YouTube",
  "title": "Watched Breaking from Zionism: Jewish Voices for Justice",
  "titleUrl": "https://www.youtube.com/watch?v\u003dpXb-ZQtLdq4",
  "subtitles": [{
    "name": "TRT World",
    "url": "https://www.youtube.com/channel/UC7fWeaHhqgM4Ry-RMpM2YYw"
  }],
  "time": "2025-01-25T20:04:31.757Z",
  "products": ["YouTube"],
  "activityControls": ["YouTube watch history"]
},{
  "header": "YouTube",
  "title": "Watched Sell Your Books square iOS.mp4",
  "titleUrl": "https://www.youtube.com/watch?v\u003d4htnWL0cK5g",
  "time": "2025-01-23T17:33:28.326Z",
  "products": ["YouTube"],
  "details": [{
    "name": "From Google Ads"
  }],
  "activityControls": ["Web \u0026 App Activity", "YouTube watch history"]
},{
  "header": "YouTube",
  "title": "Watched Stromae, Pomme - “Ma Meilleure Ennemie” (from Arcane Season 2) [Official Visualizer]",
  "titleUrl": "https://www.youtube.com/watch?v\u003d1F3OGIFnW1k",
  "subtitles": [{
    "name": "Riot Games Music",
    "url": "https://www.youtube.com/channel/UCltUcam72sZccQxDxlqAllQ"
  }],
  "time": "2025-01-20T18:52:13.071Z",
  "products": ["YouTube"],
  "activityControls": ["YouTube watch history"]
},{
  "header": "YouTube",
  "title": "Watched A new era | AutoSergei | Compare the Market",
  "titleUrl": "https://www.youtube.com/watch?v\u003dxJ_AKbE2N74",
  "time": "2025-01-20T18:52:06.082Z",
  "products": ["YouTube"],
  "details": [{
    "name": "From Google Ads"
  }],
  "activityControls": ["Web \u0026 App Activity", "YouTube watch history"]
},{
  "header": "YouTube",
  "title": "Watched Why doesn\u0027t everyone in the UK have brand new Solar?",
  "titleUrl": "https://www.youtube.com/watch?v\u003dMi4n7oj1X3o",
  "description": "Watched at 6:52 PM",
  "time": "2025-01-20T18:52:05.656Z",
  "products": ["YouTube"],
  "details": [{
    "name": "From Google Ads"
  }],
  "activityControls": ["Web \u0026 App Activity", "YouTube watch history", "YouTube search history"]
},{
  "header": "YouTube",
  "title": "Viewed Hello hello, we hope you\u0027re all doing great❣️\nPersonally, we\u0027re trying to pretend tomorrow isn\u0027t Monday again so we thought we\u0027d ask you which classical piece is the perfect soundtrack for a cosy Sunday spent in the warmth of your home, maybe in the company of a good book and with a cup of hot chocolate next to you ☕By the way, this post was inspired by our Fireplace Piano Music playlist so if you\u0027re in need of inspiration go check it out! 👉 https://youtu.be/5doBXlKBXXI",
  "titleUrl": "https://www.youtube.com/post/Ugkxg-vNWDBUCAZy8N7HGecesJ9katT5j2Cb",
  "subtitles": [{
    "name": "HALIDONMUSIC",
    "url": "https://www.youtube.com/channel/UCyOfqgtsQaM3S-VZnsYnHjQ"
  }],
  "time": "2025-01-20T18:52:04.601Z",
  "products": ["YouTube"],
  "activityControls": ["YouTube watch history"]
},{
  "header": "YouTube",
  "title": "Watched rosso (Live at Kyoto Concert Hall 2019.10.19)",
  "titleUrl": "https://www.youtube.com/watch?v\u003dcIBXD0mVNIk",
  "subtitles": [{
    "name": "jizue - Topic",
    "url": "https://www.youtube.com/channel/UCIfx99mxqbJnlU96A-sCXTg"
  }],
  "time": "2025-01-18T11:22:06.963Z",
  "products": ["YouTube"],
  "activityControls": ["YouTube watch history"]
},{
  "header": "YouTube",
  "title": "Watched kr1068697kr 630223 ccs lt it1452 shaking candies longform replaitest batch35 concept1559 msl sim gp",
  "titleUrl": "https://www.youtube.com/watch?v\u003dBZ_QIL4Q1c4",
  "description": "Watched at 11:21 AM",
  "time": "2025-01-18T11:21:52.273Z",
  "products": ["YouTube"],
  "details": [{
    "name": "From Google Ads"
  }],
  "activityControls": ["Web \u0026 App Activity", "YouTube watch history", "YouTube search history"]
},{
  "header": "YouTube",
  "title": "Watched Strike A Match",
  "titleUrl": "https://www.youtube.com/watch?v\u003dlZlNddLpnEA",
  "subtitles": [{
    "name": "Burning Heads - Topic",
    "url": "https://www.youtube.com/channel/UCjkynLk4am1w24bAXAeDmRA"
  }],
  "time": "2025-01-17T13:25:58.108Z",
  "products": ["YouTube"],
  "activityControls": ["YouTube watch history"]
},{
  "header": "YouTube",
  "title": "Watched Revolving Door Policy",
  "titleUrl": "https://www.youtube.com/watch?v\u003dZ__P6qtQglk",
  "subtitles": [{
    "name": "Burning Heads - Topic",
    "url": "https://www.youtube.com/channel/UCjkynLk4am1w24bAXAeDmRA"
  }],
  "time": "2025-01-17T13:24:06.889Z",
  "products": ["YouTube"],
  "activityControls": ["YouTube watch history"]
},{
  "header": "YouTube",
  "title": "Watched A new era | AutoSergei | Compare the Market",
  "titleUrl": "https://www.youtube.com/watch?v\u003dZcaYAtXzDRU",
  "description": "Watched at 1:23 PM",
  "time": "2025-01-17T13:23:46.055Z",
  "products": ["YouTube"],
  "details": [{
    "name": "From Google Ads"
  }],
  "activityControls": ["Web \u0026 App Activity", "YouTube watch history", "YouTube search history"]
},{
  "header": "YouTube",
  "title": "Watched EN CL126 ALT180 4 5 1",
  "titleUrl": "https://www.youtube.com/watch?v\u003dDMbYcydbflY",
  "description": "Watched at 1:23 PM",
  "time": "2025-01-17T13:23:07.732Z",
  "products": ["YouTube"],
  "details": [{
    "name": "From Google Ads"
  }],
  "activityControls": ["Web \u0026 App Activity", "YouTube watch history", "YouTube search history"]
},{
  "header": "YouTube",
  "title": "Watched Dark Romance",
  "titleUrl": "https://www.youtube.com/watch?v\u003d4QVI2nbE_8c",
  "subtitles": [{
    "name": "Burning Heads - Topic",
    "url": "https://www.youtube.com/channel/UCjkynLk4am1w24bAXAeDmRA"
  }],
  "time": "2025-01-17T13:19:10.632Z",
  "products": ["YouTube"],
  "activityControls": ["YouTube watch history"]
},{
  "header": "YouTube",
  "title": "Watched Red",
  "titleUrl": "https://www.youtube.com/watch?v\u003dLoZfoIiCpRw",
  "subtitles": [{
    "name": "Burning Heads - Topic",
    "url": "https://www.youtube.com/channel/UCjkynLk4am1w24bAXAeDmRA"
  }],
  "time": "2025-01-17T13:17:55.868Z",
  "products": ["YouTube"],
  "activityControls": ["YouTube watch history"]
},{
  "header": "YouTube",
  "title": "Watched Always Hate Goodbyes",
  "titleUrl": "https://www.youtube.com/watch?v\u003dEHTydBCRX2k",
  "subtitles": [{
    "name": "Burning Heads - Topic",
    "url": "https://www.youtube.com/channel/UCjkynLk4am1w24bAXAeDmRA"
  }],
  "time": "2025-01-17T13:13:09.045Z",
  "products": ["YouTube"],
  "activityControls": ["YouTube watch history"]
},{
  "header": "YouTube",
  "title": "Watched Try New Limited Edition Walkers Extra Flamin\u0027 Hot",
  "titleUrl": "https://www.youtube.com/watch?v\u003dU-sDsxKKWO4",
  "description": "Watched at 1:13 PM",
  "time": "2025-01-17T13:13:02.220Z",
  "products": ["YouTube"],
  "details": [{
    "name": "From Google Ads"
  }],
  "activityControls": ["Web \u0026 App Activity", "YouTube watch history", "YouTube search history"]
},{
  "header": "YouTube",
  "title": "Watched EN CL126 ALT237 9 16 1",
  "titleUrl": "https://www.youtube.com/watch?v\u003dB4OjrXLHamM",
  "description": "Watched at 1:12 PM",
  "time": "2025-01-17T13:12:31.446Z",
  "products": ["YouTube"],
  "details": [{
    "name": "From Google Ads"
  }],
  "activityControls": ["Web \u0026 App Activity", "YouTube watch history", "YouTube search history"]
},{
  "header": "YouTube",
  "title": "Watched Too Far So Close",
  "titleUrl": "https://www.youtube.com/watch?v\u003duzL9lZ9O8oU",
  "subtitles": [{
    "name": "Burning Heads - Topic",
    "url": "https://www.youtube.com/channel/UCjkynLk4am1w24bAXAeDmRA"
  }],
  "time": "2025-01-17T13:09:39.029Z",
  "products": ["YouTube"],
  "activityControls": ["YouTube watch history"]
},{
  "header": "YouTube",
  "title": "Watched Survival Instinct",
  "titleUrl": "https://www.youtube.com/watch?v\u003d6nrPeIN0p3Q",
  "subtitles": [{
    "name": "Burning Heads - Topic",
    "url": "https://www.youtube.com/channel/UCjkynLk4am1w24bAXAeDmRA"
  }],
  "time": "2025-01-17T13:06:27.381Z",
  "products": ["YouTube"],
  "activityControls": ["YouTube watch history"]
},{
  "header": "YouTube",
  "title": "Watched Pyromaniac",
  "titleUrl": "https://www.youtube.com/watch?v\u003dFOwCe6rZe84",
  "subtitles": [{
    "name": "Burning Heads - Topic",
    "url": "https://www.youtube.com/channel/UCjkynLk4am1w24bAXAeDmRA"
  }],
  "time": "2025-01-17T13:02:46.307Z",
  "products": ["YouTube"],
  "activityControls": ["YouTube watch history"]
},{
  "header": "YouTube",
  "title": "Watched Extra Refreshers",
  "titleUrl": "https://www.youtube.com/watch?v\u003d40G9BE_Sq0s",
  "description": "Watched at 1:02 PM",
  "time": "2025-01-17T13:02:39.351Z",
  "products": ["YouTube"],
  "details": [{
    "name": "From Google Ads"
  }],
  "activityControls": ["Web \u0026 App Activity", "YouTube watch history", "YouTube search history"]
},{
  "header": "YouTube",
  "title": "Watched Burning Heads - Handcuffed Did You Pay For This?",
  "titleUrl": "https://www.youtube.com/watch?v\u003dppbLdwvqQlk",
  "subtitles": [{
    "name": "Circuito Reggae",
    "url": "https://www.youtube.com/channel/UCcm-5gS9VoPouw-Fh2n1CoQ"
  }],
  "time": "2025-01-17T13:02:12.233Z",
  "products": ["YouTube"],
  "activityControls": ["YouTube watch history"]
},{
  "header": "YouTube",
  "title": "Watched Severance | Apple TV+",
  "titleUrl": "https://www.youtube.com/watch?v\u003dI3Rx_bVrtKA",
  "time": "2025-01-17T13:01:49.013Z",
  "products": ["YouTube"],
  "details": [{
    "name": "From Google Ads"
  }],
  "activityControls": ["Web \u0026 App Activity", "YouTube watch history"]
},{
  "header": "YouTube",
  "title": "Watched 50 Most Beautiful Classical Music Pieces",
  "titleUrl": "https://www.youtube.com/watch?v\u003dWQhFl7RdBh8",
  "subtitles": [{
    "name": "HALIDONMUSIC",
    "url": "https://www.youtube.com/channel/UCyOfqgtsQaM3S-VZnsYnHjQ"
  }],
  "time": "2025-01-16T13:18:37.555Z",
  "products": ["YouTube"],
  "activityControls": ["YouTube watch history"]
},{
  "header": "YouTube",
  "title": "Watched Classical Piano \u0026 Fireplace 24/7 - Mozart, Chopin, Beethoven, Bach, Grieg, Schumann, Satie",
  "titleUrl": "https://www.youtube.com/watch?v\u003dy6TZHLAzg5o",
  "subtitles": [{
    "name": "Odd Eagle",
    "url": "https://www.youtube.com/channel/UCFd5q5UWWV0RpSpPkTFOtRg"
  }],
  "time": "2025-01-16T13:18:29.778Z",
  "products": ["YouTube"],
  "activityControls": ["YouTube watch history"]
},{
  "header": "YouTube",
  "title": "Watched The Best of Mozart",
  "titleUrl": "https://www.youtube.com/watch?v\u003dRb0UmrCXxVA",
  "subtitles": [{
    "name": "HALIDONMUSIC",
    "url": "https://www.youtube.com/channel/UCyOfqgtsQaM3S-VZnsYnHjQ"
  }],
  "time": "2025-01-16T13:18:24.233Z",
  "products": ["YouTube"],
  "activityControls": ["YouTube watch history"]
},{
  "header": "YouTube",
  "title": "Watched 65 Шедевров классической музыки которые знают все, но не знают их названий",
  "titleUrl": "https://www.youtube.com/watch?v\u003dzmKOmSFFM-g",
  "subtitles": [{
    "name": "Gnom",
    "url": "https://www.youtube.com/channel/UCuUvXwpzaUDijWNMKoWW0yw"
  }],
  "time": "2025-01-16T13:18:20.353Z",
  "products": ["YouTube"],
  "activityControls": ["YouTube watch history"]
},{
  "header": "YouTube",
  "title": "Watched Mozart - Classical Music for Brain Power",
  "titleUrl": "https://www.youtube.com/watch?v\u003diUohO2MSot8",
  "subtitles": [{
    "name": "HALIDONMUSIC",
    "url": "https://www.youtube.com/channel/UCyOfqgtsQaM3S-VZnsYnHjQ"
  }],
  "time": "2025-01-16T13:17:56.693Z",
  "products": ["YouTube"],
  "activityControls": ["YouTube watch history"]
},{
  "header": "YouTube",
  "title": "Watched Classical Piano \u0026 Fireplace 24/7 - Mozart, Chopin, Beethoven, Bach, Grieg, Schumann, Satie",
  "titleUrl": "https://www.youtube.com/watch?v\u003dy6TZHLAzg5o",
  "subtitles": [{
    "name": "Odd Eagle",
    "url": "https://www.youtube.com/channel/UCFd5q5UWWV0RpSpPkTFOtRg"
  }],
  "time": "2025-01-15T12:08:04.144Z",
  "products": ["YouTube"],
  "activityControls": ["YouTube watch history"]
},{
  "header": "YouTube",
  "title": "Watched 50 Most Beautiful Classical Music Pieces",
  "titleUrl": "https://www.youtube.com/watch?v\u003dWQhFl7RdBh8",
  "subtitles": [{
    "name": "HALIDONMUSIC",
    "url": "https://www.youtube.com/channel/UCyOfqgtsQaM3S-VZnsYnHjQ"
  }],
  "time": "2025-01-14T10:57:46.538Z",
  "products": ["YouTube"],
  "activityControls": ["YouTube watch history"]
},{
  "header": "YouTube",
  "title": "Watched Deep Focus Music To Improve Concentration - 12 Hours of Ambient Study Music to Concentrate #858",
  "titleUrl": "https://www.youtube.com/watch?v\u003dr06hxt83XcQ",
  "subtitles": [{
    "name": "Relaxing Melody",
    "url": "https://www.youtube.com/channel/UChR-xIe_HFZ0SuLkW7Hf0-A"
  }],
  "time": "2025-01-14T10:57:38.584Z",
  "products": ["YouTube"],
  "activityControls": ["YouTube watch history"]
},{
  "header": "YouTube",
  "title": "Watched 50 Most Beautiful Classical Music Pieces",
  "titleUrl": "https://www.youtube.com/watch?v\u003dWQhFl7RdBh8",
  "subtitles": [{
    "name": "HALIDONMUSIC",
    "url": "https://www.youtube.com/channel/UCyOfqgtsQaM3S-VZnsYnHjQ"
  }],
  "time": "2025-01-13T10:37:16.502Z",
  "products": ["YouTube"],
  "activityControls": ["YouTube watch history"]
},{
  "header": "YouTube",
  "title": "Watched Why Canada Is Russia’s Biggest Threat",
  "titleUrl": "https://www.youtube.com/watch?v\u003d6sdXmT_8f3I",
  "subtitles": [{
    "name": "Map Pack",
    "url": "https://www.youtube.com/channel/UCb0JxFSwHTzH0AEsAzQHV4w"
  }],
  "time": "2025-01-09T16:22:06.264Z",
  "products": ["YouTube"],
  "activityControls": ["YouTube watch history"]
},{
  "header": "YouTube",
  "title": "Watched How North Korea Finally Made It Impossible to Escape",
  "titleUrl": "https://www.youtube.com/watch?v\u003djlX7tl1QvJs",
  "subtitles": [{
    "name": "RealLifeLore",
    "url": "https://www.youtube.com/channel/UCP5tjEmvPItGyLhmjdwP7Ww"
  }],
  "time": "2025-01-09T15:42:08.366Z",
  "products": ["YouTube"],
  "activityControls": ["YouTube watch history"]
},{
  "header": "YouTube",
  "title": "Watched Why Saudi Arabia is Building a $1 Trillion City in the Desert",
  "titleUrl": "https://www.youtube.com/watch?v\u003dUGzI-ABpy6k",
  "subtitles": [{
    "name": "Johnny Harris",
    "url": "https://www.youtube.com/channel/UCmGSJVG3mCRXVOP4yZrU1Dw"
  }],
  "time": "2025-01-09T15:04:55.542Z",
  "products": ["YouTube"],
  "activityControls": ["YouTube watch history"]
},{
  "header": "YouTube",
  "title": "Watched 🔴 Al Jazeera English | Live",
  "titleUrl": "https://www.youtube.com/watch?v\u003dgCNeDWCI0vo",
  "subtitles": [{
    "name": "Al Jazeera English",
    "url": "https://www.youtube.com/channel/UCNye-wNBqNL5ZzHSJj3l8Bg"
  }],
  "time": "2025-01-09T14:48:19.232Z",
  "products": ["YouTube"],
  "activityControls": ["YouTube watch history"]
},{
  "header": "YouTube",
  "title": "Watched LIVE UPDATES: California fires torch LA, Hollywood Hills, Palisades, Malibu, Pasadena, Sylmar",
  "titleUrl": "https://www.youtube.com/watch?v\u003d59VF9WASKDU",
  "subtitles": [{
    "name": "FOX 11 Los Angeles",
    "url": "https://www.youtube.com/channel/UCHfF8wFnipMeDpJf8OmMxDg"
  }],
  "time": "2025-01-09T14:40:21.093Z",
  "products": ["YouTube"],
  "activityControls": ["YouTube watch history"]
},{
  "header": "YouTube",
  "title": "Watched L.A. Fires: How To Help | Fox News Defends Trump\u0027s Greenland Gambit | We Don\u0027t Need To Annex Canada",
  "titleUrl": "https://www.youtube.com/watch?v\u003d6MoNm94qwOo",
  "subtitles": [{
    "name": "The Late Show with Stephen Colbert",
    "url": "https://www.youtube.com/channel/UCMtFAi84ehTSYSE9XoHefig"
  }],
  "time": "2025-01-09T14:30:52.169Z",
  "products": ["YouTube"],
  "activityControls": ["YouTube watch history"]
},{
  "header": "YouTube",
  "title": "Watched WATCH LIVE: U.S 47th President Donald Trump Remarks At Capital One Arena | JD Vance Live | N18G",
  "titleUrl": "https://www.youtube.com/watch?v\u003dl2EQsh78Fcg",
  "subtitles": [{
    "name": "CNN-News18",
    "url": "https://www.youtube.com/channel/UCef1-8eOpJgud7szVPlZQAQ"
  }],
  "time": "2025-01-09T13:35:35.584Z",
  "products": ["YouTube"],
  "activityControls": ["YouTube watch history"]
},{
  "header": "YouTube",
  "title": "Watched LIVE: Parliament debates petition for UK general election",
  "titleUrl": "https://www.youtube.com/watch?v\u003dcHmOan1zeqY",
  "subtitles": [{
    "name": "The Times and The Sunday Times",
    "url": "https://www.youtube.com/channel/UCF-VP3b3oH0XASqsLI5rnLw"
  }],
  "time": "2025-01-06T18:03:10.197Z",
  "products": ["YouTube"],
  "activityControls": ["YouTube watch history"]
},{
  "header": "YouTube",
  "title": "Watched English is fun - A classroom misunderstanding #shorts #comedy #funny",
  "titleUrl": "https://www.youtube.com/watch?v\u003d6adwmoBL7_k",
  "subtitles": [{
    "name": "Being Normal",
    "url": "https://www.youtube.com/channel/UCXaHq_8p_3YATkBmv-PTQig"
  }],
  "time": "2025-01-06T14:58:25.776Z",
  "products": ["YouTube"],
  "activityControls": ["YouTube watch history"]
},{
  "header": "YouTube",
  "title": "Watched Flawless Flooring Hack You Need to See 🔨",
  "titleUrl": "https://www.youtube.com/watch?v\u003dzRmNTYL11iM",
  "subtitles": [{
    "name": "HawkVisionHub",
    "url": "https://www.youtube.com/channel/UC2GGZXFBcS_k0-2aJPEsXbA"
  }],
  "time": "2025-01-06T14:57:35.393Z",
  "products": ["YouTube"],
  "activityControls": ["YouTube watch history"]
},{
  "header": "YouTube",
  "title": "Watched holy #sankoh02",
  "titleUrl": "https://www.youtube.com/watch?v\u003d0nRu_c4CNl0",
  "subtitles": [{
    "name": "Sankoh02",
    "url": "https://www.youtube.com/channel/UC9dqDHB5yVZRlv1dC1FKjPw"
  }],
  "time": "2025-01-06T14:52:39.506Z",
  "products": ["YouTube"],
  "activityControls": ["YouTube watch history"]
},{
  "header": "YouTube",
  "title": "Watched Why this country had no inflation for 25 years!",
  "titleUrl": "https://www.youtube.com/watch?v\u003dr4NQuOBrujQ",
  "subtitles": [{
    "name": "Aevy TV",
    "url": "https://www.youtube.com/channel/UCA295QVkf9O1RQ8_-s3FVXg"
  }],
  "time": "2025-01-06T14:50:30.956Z",
  "products": ["YouTube"],
  "activityControls": ["YouTube watch history"]
},{
  "header": "YouTube",
  "title": "Watched Why UK 🇬🇧 is going Bankrupt? : Detailed Economic Case Study",
  "titleUrl": "https://www.youtube.com/watch?v\u003dFcammw5Dh2Y",
  "subtitles": [{
    "name": "Think School",
    "url": "https://www.youtube.com/channel/UCKZozRVHRYsYHGEyNKuhhdA"
  }],
  "time": "2025-01-05T12:46:30.225Z",
  "products": ["YouTube"],
  "activityControls": ["YouTube watch history"]
},{
  "header": "YouTube",
  "title": "Watched We Investigated China’s Silicon Valley (It\u0027s Not What We Expected)",
  "titleUrl": "https://www.youtube.com/watch?v\u003deVjfpr0j6Yw",
  "subtitles": [{
    "name": "Aevy TV",
    "url": "https://www.youtube.com/channel/UCA295QVkf9O1RQ8_-s3FVXg"
  }],
  "time": "2025-01-05T09:44:41.063Z",
  "products": ["YouTube"],
  "activityControls": ["YouTube watch history"]
},{
  "header": "YouTube",
  "title": "Watched How the Most Elite Spy Agency Operates",
  "titleUrl": "https://www.youtube.com/watch?v\u003d40KljLO1c_o",
  "subtitles": [{
    "name": "Newsthink",
    "url": "https://www.youtube.com/channel/UCIlU5KDHKFSaebYviKfOidw"
  }],
  "time": "2025-01-04T12:48:13.202Z",
  "products": ["YouTube"],
  "activityControls": ["YouTube watch history"]
},{
  "header": "YouTube",
  "title": "Watched Syria\u0027s Exiled Dictator Bashar al-Assad Poisoned in Russia: Reports | Vantage with Palki Sharma",
  "titleUrl": "https://www.youtube.com/watch?v\u003doTwbokpLZt4",
  "subtitles": [{
    "name": "Firstpost",
    "url": "https://www.youtube.com/channel/UCz8QaiQxApLq8sLNcszYyJw"
  }],
  "time": "2025-01-04T12:46:52.989Z",
  "products": ["YouTube"],
  "activityControls": ["YouTube watch history"]
},{
  "header": "YouTube",
  "title": "Watched Why Japan\u0027s Economy Is Awful",
  "titleUrl": "https://www.youtube.com/watch?v\u003dpZ0FAcYAHjM",
  "subtitles": [{
    "name": "2 and 20",
    "url": "https://www.youtube.com/channel/UCL1VdVcXmP5sQyVLt81QMyg"
  }],
  "time": "2025-01-04T12:36:42.843Z",
  "products": ["YouTube"],
  "activityControls": ["YouTube watch history"]
},{
  "header": "YouTube",
  "title": "Watched Australia v India 2024-25 | Fifth Test | Day One",
  "titleUrl": "https://www.youtube.com/watch?v\u003dFzfFmFNNRnw",
  "subtitles": [{
    "name": "cricket.com.au",
    "url": "https://www.youtube.com/channel/UCkBY0aHJP9BwjZLDYxAQrKg"
  }],
  "time": "2025-01-04T12:35:34.280Z",
  "products": ["YouTube"],
  "activityControls": ["YouTube watch history"]
},{
  "header": "YouTube",
  "title": "Watched If I were Pepa 😁🤣",
  "titleUrl": "https://www.youtube.com/watch?v\u003d-_ElAKCyReE",
  "subtitles": [{
    "name": "YANA CHIRKINA",
    "url": "https://www.youtube.com/channel/UCC1RmztYmOIuTGiw_G73fLg"
  }],
  "time": "2025-01-04T12:35:05.506Z",
  "products": ["YouTube"],
  "activityControls": ["YouTube watch history"]
},{
  "header": "YouTube",
  "title": "Watched Will A Guitar Boat Hold My Weight?",
  "titleUrl": "https://www.youtube.com/watch?v\u003dJo7sfpeWqwE",
  "subtitles": [{
    "name": "MrBeast",
    "url": "https://www.youtube.com/channel/UCX6OQ3DkcsbYNE6H8uQQuVA"
  }],
  "time": "2025-01-04T12:35:02.541Z",
  "products": ["YouTube"],
  "activityControls": ["YouTube watch history"]
},{
  "header": "YouTube",
  "title": "Watched Quando A Diferença De Altura É Muito Grande 😲😂",
  "titleUrl": "https://www.youtube.com/watch?v\u003dnw_qP3e4zdA",
  "subtitles": [{
    "name": "Mari Maria",
    "url": "https://www.youtube.com/channel/UCcHR0RvLYk33ppkjBw3UaEA"
  }],
  "time": "2025-01-04T12:34:56.818Z",
  "products": ["YouTube"],
  "activityControls": ["YouTube watch history"]
}]