[
  {
    "media": [
      
    ],
    "label_values": [
      {
        "ent_field_name": "FrequentWatcherBadgeEarned",
        "label": "Have you earned the frequent watcher badge?",
        "value": "False"
      },
      {
        "ent_field_name": "BirthdayTipperBadgeEarned",
        "label": "Have you earned the birthday tipper badge?",
        "value": "False"
      },
      {
        "ent_field_name": "BirthdayTipperBadgeDisabled",
        "label": "Is the birthday tipper badge disabled?",
        "value": "False"
      },
      {
        "ent_field_name": "FrequentWatcherBadgeEnabled",
        "label": "Is the frequent watcher badge enabled?",
        "value": "False"
      },
      {
        "ent_field_name": "FollowerSavedTime",
        "label": "When you started following this Page or group",
        "timestamp_value": 1731947889
      },
      {
        "ent_field_name": "SubscriberSavedTime",
        "label": "When you first subscribed to this Page or group",
        "timestamp_value": 0
      },
      {
        "ent_field_name": "TipperBadgeEnabled",
        "label": "Is the tipper badge enabled?",
        "value": "True"
      },
      {
        "ent_field_name": "SharerBadgeEnabled",
        "label": "Is the sharer badge enabled?",
        "value": "True"
      },
      {
        "ent_field_name": "FollowerBadgeEnabled",
        "label": "Is the follower badge enabled?",
        "value": "True"
      },
      {
        "ent_field_name": "ModeratorBadgeEnabled",
        "label": "Is the moderator badge enabled?",
        "value": "False"
      },
      {
        "ent_field_name": "ModeratorBadgeEarned",
        "label": "Have you earned the moderator badge?",
        "value": "False"
      },
      {
        "ent_field_name": "ClipperBadgeDisabled",
        "label": "Is the clippers badge disabled?",
        "value": "False"
      },
      {
        "ent_field_name": "AdSupporterBadgeDisabled",
        "label": "Is the ad supporter badge disabled?",
        "value": "False"
      },
      {
        "ent_field_name": "SubmageddonBadgeDisabled",
        "label": "Is the Submageddon badge disabled?",
        "value": "False"
      },
      {
        "ent_field_name": "CommerceCashOnDeliveryBadgeEnabled",
        "label": "Is the cash on delivery badge enabled?",
        "value": "False"
      },
      {
        "ent_field_name": "CommerceWillingToShipBadgeEnabled",
        "label": "Is the willing to ship badge enabled?",
        "value": "False"
      },
      {
        "ent_field_name": "StreamerAppreciationWeek20BadgeEarned",
        "label": "Have you earned the Streamer Appreciation Week 20 badge?",
        "value": "False"
      },
      {
        "ent_field_name": "StreamerAppreciationWeek20BadgeDisabled",
        "label": "Is the Streamer Appreciation Week 20 badge disabled?",
        "value": "False"
      }
    ],
    "fbid": "122107906730609959",
    "ent_name": "EntIdentityBadgesTarget"
  },
  {
    "media": [
      
    ],
    "label_values": [
      {
        "ent_field_name": "FrequentWatcherBadgeEarned",
        "label": "Have you earned the frequent watcher badge?",
        "value": "False"
      },
      {
        "ent_field_name": "BirthdayTipperBadgeEarned",
        "label": "Have you earned the birthday tipper badge?",
        "value": "False"
      },
      {
        "ent_field_name": "BirthdayTipperBadgeDisabled",
        "label": "Is the birthday tipper badge disabled?",
        "value": "False"
      },
      {
        "ent_field_name": "FrequentWatcherBadgeEnabled",
        "label": "Is the frequent watcher badge enabled?",
        "value": "False"
      },
      {
        "ent_field_name": "FollowerSavedTime",
        "label": "When you started following this Page or group",
        "timestamp_value": 1731947441
      },
      {
        "ent_field_name": "SubscriberSavedTime",
        "label": "When you first subscribed to this Page or group",
        "timestamp_value": 0
      },
      {
        "ent_field_name": "TipperBadgeEnabled",
        "label": "Is the tipper badge enabled?",
        "value": "True"
      },
      {
        "ent_field_name": "SharerBadgeEnabled",
        "label": "Is the sharer badge enabled?",
        "value": "True"
      },
      {
        "ent_field_name": "FollowerBadgeEnabled",
        "label": "Is the follower badge enabled?",
        "value": "True"
      },
      {
        "ent_field_name": "ModeratorBadgeEnabled",
        "label": "Is the moderator badge enabled?",
        "value": "False"
      },
      {
        "ent_field_name": "ModeratorBadgeEarned",
        "label": "Have you earned the moderator badge?",
        "value": "False"
      },
      {
        "ent_field_name": "ClipperBadgeDisabled",
        "label": "Is the clippers badge disabled?",
        "value": "False"
      },
      {
        "ent_field_name": "AdSupporterBadgeDisabled",
        "label": "Is the ad supporter badge disabled?",
        "value": "False"
      },
      {
        "ent_field_name": "SubmageddonBadgeDisabled",
        "label": "Is the Submageddon badge disabled?",
        "value": "False"
      },
      {
        "ent_field_name": "CommerceCashOnDeliveryBadgeEnabled",
        "label": "Is the cash on delivery badge enabled?",
        "value": "False"
      },
      {
        "ent_field_name": "CommerceWillingToShipBadgeEnabled",
        "label": "Is the willing to ship badge enabled?",
        "value": "False"
      },
      {
        "ent_field_name": "StreamerAppreciationWeek20BadgeEarned",
        "label": "Have you earned the Streamer Appreciation Week 20 badge?",
        "value": "False"
      },
      {
        "ent_field_name": "StreamerAppreciationWeek20BadgeDisabled",
        "label": "Is the Streamer Appreciation Week 20 badge disabled?",
        "value": "False"
      }
    ],
    "fbid": "122107904846609959",
    "ent_name": "EntIdentityBadgesTarget"
  },
  {
    "media": [
      
    ],
    "label_values": [
      {
        "ent_field_name": "FrequentWatcherBadgeEarned",
        "label": "Have you earned the frequent watcher badge?",
        "value": "False"
      },
      {
        "ent_field_name": "BirthdayTipperBadgeEarned",
        "label": "Have you earned the birthday tipper badge?",
        "value": "False"
      },
      {
        "ent_field_name": "BirthdayTipperBadgeDisabled",
        "label": "Is the birthday tipper badge disabled?",
        "value": "False"
      },
      {
        "ent_field_name": "FrequentWatcherBadgeEnabled",
        "label": "Is the frequent watcher badge enabled?",
        "value": "False"
      },
      {
        "ent_field_name": "FollowerSavedTime",
        "label": "When you started following this Page or group",
        "timestamp_value": 1730981736
      },
      {
        "ent_field_name": "SubscriberSavedTime",
        "label": "When you first subscribed to this Page or group",
        "timestamp_value": 0
      },
      {
        "ent_field_name": "TipperBadgeEnabled",
        "label": "Is the tipper badge enabled?",
        "value": "True"
      },
      {
        "ent_field_name": "SharerBadgeEnabled",
        "label": "Is the sharer badge enabled?",
        "value": "True"
      },
      {
        "ent_field_name": "FollowerBadgeEnabled",
        "label": "Is the follower badge enabled?",
        "value": "True"
      },
      {
        "ent_field_name": "ModeratorBadgeEnabled",
        "label": "Is the moderator badge enabled?",
        "value": "False"
      },
      {
        "ent_field_name": "ModeratorBadgeEarned",
        "label": "Have you earned the moderator badge?",
        "value": "False"
      },
      {
        "ent_field_name": "ClipperBadgeDisabled",
        "label": "Is the clippers badge disabled?",
        "value": "False"
      },
      {
        "ent_field_name": "AdSupporterBadgeDisabled",
        "label": "Is the ad supporter badge disabled?",
        "value": "False"
      },
      {
        "ent_field_name": "SubmageddonBadgeDisabled",
        "label": "Is the Submageddon badge disabled?",
        "value": "False"
      },
      {
        "ent_field_name": "CommerceCashOnDeliveryBadgeEnabled",
        "label": "Is the cash on delivery badge enabled?",
        "value": "False"
      },
      {
        "ent_field_name": "CommerceWillingToShipBadgeEnabled",
        "label": "Is the willing to ship badge enabled?",
        "value": "False"
      },
      {
        "ent_field_name": "StreamerAppreciationWeek20BadgeEarned",
        "label": "Have you earned the Streamer Appreciation Week 20 badge?",
        "value": "False"
      },
      {
        "ent_field_name": "StreamerAppreciationWeek20BadgeDisabled",
        "label": "Is the Streamer Appreciation Week 20 badge disabled?",
        "value": "False"
      }
    ],
    "fbid": "122098547174609959",
    "ent_name": "EntIdentityBadgesTarget"
  },
  {
    "media": [
      
    ],
    "label_values": [
      {
        "ent_field_name": "FrequentWatcherBadgeEarned",
        "label": "Have you earned the frequent watcher badge?",
        "value": "False"
      },
      {
        "ent_field_name": "BirthdayTipperBadgeEarned",
        "label": "Have you earned the birthday tipper badge?",
        "value": "False"
      },
      {
        "ent_field_name": "BirthdayTipperBadgeDisabled",
        "label": "Is the birthday tipper badge disabled?",
        "value": "False"
      },
      {
        "ent_field_name": "FrequentWatcherBadgeEnabled",
        "label": "Is the frequent watcher badge enabled?",
        "value": "False"
      },
      {
        "ent_field_name": "FollowerSavedTime",
        "label": "When you started following this Page or group",
        "timestamp_value": 1730981735
      },
      {
        "ent_field_name": "SubscriberSavedTime",
        "label": "When you first subscribed to this Page or group",
        "timestamp_value": 0
      },
      {
        "ent_field_name": "TipperBadgeEnabled",
        "label": "Is the tipper badge enabled?",
        "value": "True"
      },
      {
        "ent_field_name": "SharerBadgeEnabled",
        "label": "Is the sharer badge enabled?",
        "value": "True"
      },
      {
        "ent_field_name": "FollowerBadgeEnabled",
        "label": "Is the follower badge enabled?",
        "value": "True"
      },
      {
        "ent_field_name": "ModeratorBadgeEnabled",
        "label": "Is the moderator badge enabled?",
        "value": "False"
      },
      {
        "ent_field_name": "ModeratorBadgeEarned",
        "label": "Have you earned the moderator badge?",
        "value": "False"
      },
      {
        "ent_field_name": "ClipperBadgeDisabled",
        "label": "Is the clippers badge disabled?",
        "value": "False"
      },
      {
        "ent_field_name": "AdSupporterBadgeDisabled",
        "label": "Is the ad supporter badge disabled?",
        "value": "False"
      },
      {
        "ent_field_name": "SubmageddonBadgeDisabled",
        "label": "Is the Submageddon badge disabled?",
        "value": "False"
      },
      {
        "ent_field_name": "CommerceCashOnDeliveryBadgeEnabled",
        "label": "Is the cash on delivery badge enabled?",
        "value": "False"
      },
      {
        "ent_field_name": "CommerceWillingToShipBadgeEnabled",
        "label": "Is the willing to ship badge enabled?",
        "value": "False"
      },
      {
        "ent_field_name": "StreamerAppreciationWeek20BadgeEarned",
        "label": "Have you earned the Streamer Appreciation Week 20 badge?",
        "value": "False"
      },
      {
        "ent_field_name": "StreamerAppreciationWeek20BadgeDisabled",
        "label": "Is the Streamer Appreciation Week 20 badge disabled?",
        "value": "False"
      }
    ],
    "fbid": "122098547156609959",
    "ent_name": "EntIdentityBadgesTarget"
  },
  {
    "media": [
      
    ],
    "label_values": [
      {
        "ent_field_name": "FrequentWatcherBadgeEarned",
        "label": "Have you earned the frequent watcher badge?",
        "value": "False"
      },
      {
        "ent_field_name": "BirthdayTipperBadgeEarned",
        "label": "Have you earned the birthday tipper badge?",
        "value": "False"
      },
      {
        "ent_field_name": "BirthdayTipperBadgeDisabled",
        "label": "Is the birthday tipper badge disabled?",
        "value": "False"
      },
      {
        "ent_field_name": "FrequentWatcherBadgeEnabled",
        "label": "Is the frequent watcher badge enabled?",
        "value": "False"
      },
      {
        "ent_field_name": "FollowerSavedTime",
        "label": "When you started following this Page or group",
        "timestamp_value": 1730981735
      },
      {
        "ent_field_name": "SubscriberSavedTime",
        "label": "When you first subscribed to this Page or group",
        "timestamp_value": 0
      },
      {
        "ent_field_name": "TipperBadgeEnabled",
        "label": "Is the tipper badge enabled?",
        "value": "True"
      },
      {
        "ent_field_name": "SharerBadgeEnabled",
        "label": "Is the sharer badge enabled?",
        "value": "True"
      },
      {
        "ent_field_name": "FollowerBadgeEnabled",
        "label": "Is the follower badge enabled?",
        "value": "True"
      },
      {
        "ent_field_name": "ModeratorBadgeEnabled",
        "label": "Is the moderator badge enabled?",
        "value": "False"
      },
      {
        "ent_field_name": "ModeratorBadgeEarned",
        "label": "Have you earned the moderator badge?",
        "value": "False"
      },
      {
        "ent_field_name": "ClipperBadgeDisabled",
        "label": "Is the clippers badge disabled?",
        "value": "False"
      },
      {
        "ent_field_name": "AdSupporterBadgeDisabled",
        "label": "Is the ad supporter badge disabled?",
        "value": "False"
      },
      {
        "ent_field_name": "SubmageddonBadgeDisabled",
        "label": "Is the Submageddon badge disabled?",
        "value": "False"
      },
      {
        "ent_field_name": "CommerceCashOnDeliveryBadgeEnabled",
        "label": "Is the cash on delivery badge enabled?",
        "value": "False"
      },
      {
        "ent_field_name": "CommerceWillingToShipBadgeEnabled",
        "label": "Is the willing to ship badge enabled?",
        "value": "False"
      },
      {
        "ent_field_name": "StreamerAppreciationWeek20BadgeEarned",
        "label": "Have you earned the Streamer Appreciation Week 20 badge?",
        "value": "False"
      },
      {
        "ent_field_name": "StreamerAppreciationWeek20BadgeDisabled",
        "label": "Is the Streamer Appreciation Week 20 badge disabled?",
        "value": "False"
      }
    ],
    "fbid": "122098547144609959",
    "ent_name": "EntIdentityBadgesTarget"
  },
  {
    "media": [
      
    ],
    "label_values": [
      {
        "ent_field_name": "FrequentWatcherBadgeEarned",
        "label": "Have you earned the frequent watcher badge?",
        "value": "False"
      },
      {
        "ent_field_name": "BirthdayTipperBadgeEarned",
        "label": "Have you earned the birthday tipper badge?",
        "value": "False"
      },
      {
        "ent_field_name": "BirthdayTipperBadgeDisabled",
        "label": "Is the birthday tipper badge disabled?",
        "value": "False"
      },
      {
        "ent_field_name": "FrequentWatcherBadgeEnabled",
        "label": "Is the frequent watcher badge enabled?",
        "value": "False"
      },
      {
        "ent_field_name": "FollowerSavedTime",
        "label": "When you started following this Page or group",
        "timestamp_value": 1730981730
      },
      {
        "ent_field_name": "SubscriberSavedTime",
        "label": "When you first subscribed to this Page or group",
        "timestamp_value": 0
      },
      {
        "ent_field_name": "TipperBadgeEnabled",
        "label": "Is the tipper badge enabled?",
        "value": "True"
      },
      {
        "ent_field_name": "SharerBadgeEnabled",
        "label": "Is the sharer badge enabled?",
        "value": "True"
      },
      {
        "ent_field_name": "FollowerBadgeEnabled",
        "label": "Is the follower badge enabled?",
        "value": "True"
      },
      {
        "ent_field_name": "ModeratorBadgeEnabled",
        "label": "Is the moderator badge enabled?",
        "value": "False"
      },
      {
        "ent_field_name": "ModeratorBadgeEarned",
        "label": "Have you earned the moderator badge?",
        "value": "False"
      },
      {
        "ent_field_name": "ClipperBadgeDisabled",
        "label": "Is the clippers badge disabled?",
        "value": "False"
      },
      {
        "ent_field_name": "AdSupporterBadgeDisabled",
        "label": "Is the ad supporter badge disabled?",
        "value": "False"
      },
      {
        "ent_field_name": "SubmageddonBadgeDisabled",
        "label": "Is the Submageddon badge disabled?",
        "value": "False"
      },
      {
        "ent_field_name": "CommerceCashOnDeliveryBadgeEnabled",
        "label": "Is the cash on delivery badge enabled?",
        "value": "False"
      },
      {
        "ent_field_name": "CommerceWillingToShipBadgeEnabled",
        "label": "Is the willing to ship badge enabled?",
        "value": "False"
      },
      {
        "ent_field_name": "StreamerAppreciationWeek20BadgeEarned",
        "label": "Have you earned the Streamer Appreciation Week 20 badge?",
        "value": "False"
      },
      {
        "ent_field_name": "StreamerAppreciationWeek20BadgeDisabled",
        "label": "Is the Streamer Appreciation Week 20 badge disabled?",
        "value": "False"
      }
    ],
    "fbid": "122098547024609959",
    "ent_name": "EntIdentityBadgesTarget"
  },
  {
    "media": [
      
    ],
    "label_values": [
      {
        "ent_field_name": "FrequentWatcherBadgeEarned",
        "label": "Have you earned the frequent watcher badge?",
        "value": "False"
      },
      {
        "ent_field_name": "BirthdayTipperBadgeEarned",
        "label": "Have you earned the birthday tipper badge?",
        "value": "False"
      },
      {
        "ent_field_name": "BirthdayTipperBadgeDisabled",
        "label": "Is the birthday tipper badge disabled?",
        "value": "False"
      },
      {
        "ent_field_name": "FrequentWatcherBadgeEnabled",
        "label": "Is the frequent watcher badge enabled?",
        "value": "False"
      },
      {
        "ent_field_name": "FollowerSavedTime",
        "label": "When you started following this Page or group",
        "timestamp_value": 1730981729
      },
      {
        "ent_field_name": "SubscriberSavedTime",
        "label": "When you first subscribed to this Page or group",
        "timestamp_value": 0
      },
      {
        "ent_field_name": "TipperBadgeEnabled",
        "label": "Is the tipper badge enabled?",
        "value": "True"
      },
      {
        "ent_field_name": "SharerBadgeEnabled",
        "label": "Is the sharer badge enabled?",
        "value": "True"
      },
      {
        "ent_field_name": "FollowerBadgeEnabled",
        "label": "Is the follower badge enabled?",
        "value": "True"
      },
      {
        "ent_field_name": "ModeratorBadgeEnabled",
        "label": "Is the moderator badge enabled?",
        "value": "False"
      },
      {
        "ent_field_name": "ModeratorBadgeEarned",
        "label": "Have you earned the moderator badge?",
        "value": "False"
      },
      {
        "ent_field_name": "ClipperBadgeDisabled",
        "label": "Is the clippers badge disabled?",
        "value": "False"
      },
      {
        "ent_field_name": "AdSupporterBadgeDisabled",
        "label": "Is the ad supporter badge disabled?",
        "value": "False"
      },
      {
        "ent_field_name": "SubmageddonBadgeDisabled",
        "label": "Is the Submageddon badge disabled?",
        "value": "False"
      },
      {
        "ent_field_name": "CommerceCashOnDeliveryBadgeEnabled",
        "label": "Is the cash on delivery badge enabled?",
        "value": "False"
      },
      {
        "ent_field_name": "CommerceWillingToShipBadgeEnabled",
        "label": "Is the willing to ship badge enabled?",
        "value": "False"
      },
      {
        "ent_field_name": "StreamerAppreciationWeek20BadgeEarned",
        "label": "Have you earned the Streamer Appreciation Week 20 badge?",
        "value": "False"
      },
      {
        "ent_field_name": "StreamerAppreciationWeek20BadgeDisabled",
        "label": "Is the Streamer Appreciation Week 20 badge disabled?",
        "value": "False"
      }
    ],
    "fbid": "122098547018609959",
    "ent_name": "EntIdentityBadgesTarget"
  },
  {
    "media": [
      
    ],
    "label_values": [
      {
        "ent_field_name": "FrequentWatcherBadgeEarned",
        "label": "Have you earned the frequent watcher badge?",
        "value": "False"
      },
      {
        "ent_field_name": "BirthdayTipperBadgeEarned",
        "label": "Have you earned the birthday tipper badge?",
        "value": "False"
      },
      {
        "ent_field_name": "BirthdayTipperBadgeDisabled",
        "label": "Is the birthday tipper badge disabled?",
        "value": "False"
      },
      {
        "ent_field_name": "FrequentWatcherBadgeEnabled",
        "label": "Is the frequent watcher badge enabled?",
        "value": "False"
      },
      {
        "ent_field_name": "FollowerSavedTime",
        "label": "When you started following this Page or group",
        "timestamp_value": 1730981728
      },
      {
        "ent_field_name": "SubscriberSavedTime",
        "label": "When you first subscribed to this Page or group",
        "timestamp_value": 0
      },
      {
        "ent_field_name": "TipperBadgeEnabled",
        "label": "Is the tipper badge enabled?",
        "value": "True"
      },
      {
        "ent_field_name": "SharerBadgeEnabled",
        "label": "Is the sharer badge enabled?",
        "value": "True"
      },
      {
        "ent_field_name": "FollowerBadgeEnabled",
        "label": "Is the follower badge enabled?",
        "value": "True"
      },
      {
        "ent_field_name": "ModeratorBadgeEnabled",
        "label": "Is the moderator badge enabled?",
        "value": "False"
      },
      {
        "ent_field_name": "ModeratorBadgeEarned",
        "label": "Have you earned the moderator badge?",
        "value": "False"
      },
      {
        "ent_field_name": "ClipperBadgeDisabled",
        "label": "Is the clippers badge disabled?",
        "value": "False"
      },
      {
        "ent_field_name": "AdSupporterBadgeDisabled",
        "label": "Is the ad supporter badge disabled?",
        "value": "False"
      },
      {
        "ent_field_name": "SubmageddonBadgeDisabled",
        "label": "Is the Submageddon badge disabled?",
        "value": "False"
      },
      {
        "ent_field_name": "CommerceCashOnDeliveryBadgeEnabled",
        "label": "Is the cash on delivery badge enabled?",
        "value": "False"
      },
      {
        "ent_field_name": "CommerceWillingToShipBadgeEnabled",
        "label": "Is the willing to ship badge enabled?",
        "value": "False"
      },
      {
        "ent_field_name": "StreamerAppreciationWeek20BadgeEarned",
        "label": "Have you earned the Streamer Appreciation Week 20 badge?",
        "value": "False"
      },
      {
        "ent_field_name": "StreamerAppreciationWeek20BadgeDisabled",
        "label": "Is the Streamer Appreciation Week 20 badge disabled?",
        "value": "False"
      }
    ],
    "fbid": "122098547012609959",
    "ent_name": "EntIdentityBadgesTarget"
  },
  {
    "media": [
      
    ],
    "label_values": [
      {
        "ent_field_name": "FrequentWatcherBadgeEarned",
        "label": "Have you earned the frequent watcher badge?",
        "value": "False"
      },
      {
        "ent_field_name": "BirthdayTipperBadgeEarned",
        "label": "Have you earned the birthday tipper badge?",
        "value": "False"
      },
      {
        "ent_field_name": "BirthdayTipperBadgeDisabled",
        "label": "Is the birthday tipper badge disabled?",
        "value": "False"
      },
      {
        "ent_field_name": "FrequentWatcherBadgeEnabled",
        "label": "Is the frequent watcher badge enabled?",
        "value": "False"
      },
      {
        "ent_field_name": "FollowerSavedTime",
        "label": "When you started following this Page or group",
        "timestamp_value": 1730981725
      },
      {
        "ent_field_name": "SubscriberSavedTime",
        "label": "When you first subscribed to this Page or group",
        "timestamp_value": 0
      },
      {
        "ent_field_name": "TipperBadgeEnabled",
        "label": "Is the tipper badge enabled?",
        "value": "True"
      },
      {
        "ent_field_name": "SharerBadgeEnabled",
        "label": "Is the sharer badge enabled?",
        "value": "True"
      },
      {
        "ent_field_name": "FollowerBadgeEnabled",
        "label": "Is the follower badge enabled?",
        "value": "True"
      },
      {
        "ent_field_name": "ModeratorBadgeEnabled",
        "label": "Is the moderator badge enabled?",
        "value": "False"
      },
      {
        "ent_field_name": "ModeratorBadgeEarned",
        "label": "Have you earned the moderator badge?",
        "value": "False"
      },
      {
        "ent_field_name": "ClipperBadgeDisabled",
        "label": "Is the clippers badge disabled?",
        "value": "False"
      },
      {
        "ent_field_name": "AdSupporterBadgeDisabled",
        "label": "Is the ad supporter badge disabled?",
        "value": "False"
      },
      {
        "ent_field_name": "SubmageddonBadgeDisabled",
        "label": "Is the Submageddon badge disabled?",
        "value": "False"
      },
      {
        "ent_field_name": "CommerceCashOnDeliveryBadgeEnabled",
        "label": "Is the cash on delivery badge enabled?",
        "value": "False"
      },
      {
        "ent_field_name": "CommerceWillingToShipBadgeEnabled",
        "label": "Is the willing to ship badge enabled?",
        "value": "False"
      },
      {
        "ent_field_name": "StreamerAppreciationWeek20BadgeEarned",
        "label": "Have you earned the Streamer Appreciation Week 20 badge?",
        "value": "False"
      },
      {
        "ent_field_name": "StreamerAppreciationWeek20BadgeDisabled",
        "label": "Is the Streamer Appreciation Week 20 badge disabled?",
        "value": "False"
      }
    ],
    "fbid": "122098547006609959",
    "ent_name": "EntIdentityBadgesTarget"
  }
]