{
  "impressions_history_posts_seen": [
    {
      "string_map_data": {
        "Author": {
          "value": "jackwhitehall"
        },
        "Time": {
          "timestamp": 1732022511
        }
      }
    },
    {
      "string_map_data": {
        "Author": {
          "value": "jackwhitehall"
        },
        "Time": {
          "timestamp": 1732022994
        }
      }
    },
    {
      "string_map_data": {
        "Author": {
          "value": "mrbeast"
        },
        "Time": {
          "timestamp": 1732023141
        }
      }
    },
    {
      "string_map_data": {
        "Author": {
          "value": "cristiano"
        },
        "Time": {
          "timestamp": 1732023143
        }
      }
    },
    {
      "string_map_data": {
        "Author": {
          "value": "meganmckenna"
        },
        "Time": {
          "timestamp": 1732024520
        }
      }
    },
    {
      "string_map_data": {
        "Author": {
          "value": "jackwhitehall"
        },
        "Time": {
          "timestamp": 1731418184
        }
      }
    },
    {
      "string_map_data": {
        "Author": {
          "value": "jackwhitehall"
        },
        "Time": {
          "timestamp": 1732022999
        }
      }
    },
    {
      "string_map_data": {
        "Author": {
          "value": "jackwhitehall"
        },
        "Time": {
          "timestamp": 1732023001
        }
      }
    },
    {
      "string_map_data": {
        "Author": {
          "value": "jackwhitehall"
        },
        "Time": {
          "timestamp": 1732023140
        }
      }
    }
  ]
}