{
  "impressions_history_videos_watched": [
    {
      "string_map_data": {
        "Author": {
          "value": "jackwhitehall"
        },
        "Time": {
          "timestamp": 1732022994
        }
      }
    },
    {
      "string_map_data": {
        "Author": {
          "value": "primevideouk"
        },
        "Time": {
          "timestamp": 1732022994
        }
      }
    },
    {
      "string_map_data": {
        "Author": {
          "value": "agelessathletetv"
        },
        "Time": {
          "timestamp": 1731419876
        }
      }
    },
    {
      "string_map_data": {
        "Author": {
          "value": "jackwhitehall"
        },
        "Time": {
          "timestamp": 1732022996
        }
      }
    },
    {
      "string_map_data": {
        "Author": {
          "value": "primevideouk"
        },
        "Time": {
          "timestamp": 1732022996
        }
      }
    },
    {
      "string_map_data": {
        "Author": {
          "value": "youngkingstv"
        },
        "Time": {
          "timestamp": 1732023136
        }
      }
    }
  ]
}