{
  "timestamp": 1730981108,
  "media": [
    
  ],
  "label_values": [
    {
      "ent_field_name": "BlockedCategoriesWithTimestamp",
      "label": "When and what you've blocked",
      "dict": [
        
      ]
    },
    {
      "ent_field_name": "AccountAssociationState",
      "label": "Account association state"
    },
    {
      "ent_field_name": "LastSIDUpdateTime",
      "label": "Latest last activity time",
      "timestamp_value": 0
    },
    {
      "ent_field_name": "SIDUpdateCount",
      "label": "Combined number of times you've used these privacy settings",
      "value": "0"
    },
    {
      "ent_field_name": "ClearHistoryActionCount",
      "label": "Number of times you used clear history settings",
      "value": "0"
    },
    {
      "ent_field_name": "DisableAccountAssociationActionCount",
      "label": "Number of times you used disabling account association settings",
      "value": "0"
    },
    {
      "ent_field_name": "EnableAccountAssociationActionCount",
      "label": "Number of times you used enabling account association settings",
      "value": "0"
    }
  ],
  "fbid": "122098537508609959",
  "ent_name": "EntClearHistoryControls"
}