{
  "media": [
    
  ],
  "label_values": [
    {
      "ent_field_name": "IsFPDOptedOut",
      "label": "Is opted out from seeing ads off Meta",
      "value": "False"
    },
    {
      "ent_field_name": "IsCookiePresentInAnyBrowser",
      "label": "Is the digital advertising alliance opt-out cookie present in any browser",
      "value": "False"
    },
    {
      "ent_field_name": "IsThirdPartyOptOut",
      "label": "Is opted out of using data about interactions between the user and third-party sites",
      "value": "True"
    },
    {
      "ent_field_name": "AddedInterests",
      "label": "Added interests",
      "vec": [
        
      ]
    },
    {
      "ent_field_name": "RemovedInterests",
      "label": "Removed interests",
      "vec": [
        
      ]
    },
    {
      "ent_field_name": "IsRelationshipStatusDisabled",
      "label": "Is opted out of using relationship status to target ads",
      "value": "False"
    },
    {
      "ent_field_name": "IsReligiousViewsDisabled",
      "label": "Is opted out of using religious views to target ads",
      "value": "True"
    },
    {
      "ent_field_name": "IsInterestedInDisabled",
      "label": "Is opted out of using interests to target ads",
      "value": "True"
    },
    {
      "ent_field_name": "IsEducationDisabled",
      "label": "Is opted out of using education information (university, university year, field of study etc.) to target ads",
      "value": "False"
    },
    {
      "ent_field_name": "IsWorkEmployersDisabled",
      "label": "Is opted out of using their employer to target ads",
      "value": "False"
    },
    {
      "ent_field_name": "IsWorkJobTitlesDisabled",
      "label": "Is opted out of using their job title to target ads",
      "value": "False"
    },
    {
      "ent_field_name": "IsPoliticalViewsDisabled",
      "label": "Is opted out of using political views to target ads",
      "value": "True"
    },
    {
      "ent_field_name": "SensitiveTopicsOptOut",
      "label": "Sensitive topics opted out of",
      "dict": [
        
      ]
    },
    {
      "ent_field_name": "ReportedInterests",
      "label": "Reported interests",
      "vec": [
        
      ]
    },
    {
      "ent_field_name": "DatafileCustomAudienceOptout",
      "label": "Datafile custom audience opt-out",
      "vec": [
        
      ]
    },
    {
      "ent_field_name": "DatafileCustomAudienceInclusionOptout",
      "label": "Datafile Custom Audience inclusion opt-out",
      "vec": [
        
      ]
    },
    {
      "ent_field_name": "DatafileCustomAudienceExclusionOptout",
      "label": "Datafile Custom Audience exclusion opt-out",
      "vec": [
        
      ]
    },
    {
      "ent_field_name": "HasUserLevelOba3pdOptOut",
      "label": "Is opted out of third-party data at the user level",
      "value": "True"
    },
    {
      "ent_field_name": "ThirdPartyOptedInTopics",
      "label": "Third-party opted-in topics",
      "vec": [
        
      ]
    },
    {
      "ent_field_name": "UserAdTopicsPreferences",
      "label": "User ad topics preferences",
      "dict": [
        
      ]
    },
    {
      "ent_field_name": "UserAdInterestsPreferences",
      "label": "User ad interests preferences",
      "dict": [
        
      ]
    },
    {
      "ent_field_name": "SensitiveTopicsOptIn",
      "label": "Sensitive topics opted in to",
      "vec": [
        
      ]
    },
    {
      "ent_field_name": "OptedInAdInterests",
      "label": "Opted-in ad interests",
      "vec": [
        
      ]
    },
    {
      "dict": [
        
      ],
      "title": "Hidden ads"
    },
    {
      "dict": [
        
      ],
      "title": "Hidden advertisers"
    },
    {
      "dict": [
        
      ],
      "title": "Ads interests"
    }
  ],
  "fbid": "122098537394609959",
  "ent_name": "EntAdsPreferences"
}