[
  {
    "media": [
      
    ],
    "label_values": [
      {
        "ent_field_name": "CreationTime",
        "label": "Time of the conversion",
        "timestamp_value": 1731947411
      }
    ],
    "fbid": "2864698967037749",
    "ent_name": "EntPaidAdsRecentConversion"
  },
  {
    "media": [
      
    ],
    "label_values": [
      {
        "ent_field_name": "CreationTime",
        "label": "Time of the conversion",
        "timestamp_value": 1731947411
      }
    ],
    "fbid": "983742813582865",
    "ent_name": "EntPaidAdsRecentConversion"
  }
]