{
  "media": [
    
  ],
  "label_values": [
    {
      "ent_field_name": "PrivacyJurisdictions",
      "label": "Privacy jurisdictions",
      "vec": [
        {
          "ent_field_name": "",
          "value": "UK"
        },
        {
          "ent_field_name": "",
          "value": "GB"
        }
      ]
    },
    {
      "ent_field_name": "RegionPrivacyJurisdiction",
      "label": "Region privacy jurisdiction",
      "value": ""
    }
  ],
  "fbid": "61568298782340",
  "ent_name": "EntDimPrivacyJurisdictions"
}