{
  "recently_viewed": [
    {
      "name": "Posts that have been shown to you in your Feed",
      "description": "Posts that have been shown to you in your Feed in the last 90 days.",
      "entries": [
        {
          "timestamp": 1730983678,
          "data": {
            "name": "Jacques Levesque's post ",
            "uri": "https://www.facebook.com/groups/310725871410503/permalink/589218790227875/"
          }
        }
      ]
    },
    {
      "name": "Videos you've watched",
      "description": "Videos you've watched in the last 90 days.",
      "entries": [
        {
          "timestamp": 1731947894,
          "data": {
            "name": "Greek Garden Maine Coons's video ",
            "uri": "https://www.facebook.com/reel/9158993837461677/"
          }
        },
        {
          "timestamp": 1731947859,
          "data": {
            "name": "Greek Garden Maine Coons's video ",
            "uri": "https://www.facebook.com/reel/9158993837461677/"
          }
        }
      ]
    },
    {
      "name": "Marketplace interactions",
      "description": "Your recent interactions on Marketplace",
      "children": [
        {
          "name": "Marketplace tab added",
          "description": "The day that the tab was added",
          "entries": [
            {
              "data": {
                "value": ""
              }
            }
          ]
        },
        {
          "name": "Marketplace item details",
          "description": "Dates you've viewed the details of an item",
          "entries": [
            {
              "data": {
                "value": "7 Nov 2024"
              }
            }
          ]
        },
        {
          "name": "Marketplace items",
          "description": "Items that you've viewed on Marketplace",
          "entries": [
            {
              "timestamp": 1730982072,
              "data": {
                "name": "\u00e2\u00ad\u0090\u00ef\u00b8\u008fFree to collector\u00e2\u00ad\u0090\u00ef\u00b8\u008f",
                "uri": "https://www.facebook.com/marketplace/item/1084857556426030/"
              }
            },
            {
              "timestamp": 1730982068,
              "data": {
                "name": "Agfa film camera",
                "uri": "https://www.facebook.com/marketplace/item/1699954147463043/"
              }
            },
            {
              "timestamp": 1730982063,
              "data": {
                "name": "Raleigh Caprice Flowers Ladies Dutch Style Loop Town Bike Bicycle Liz Pepperell",
                "uri": "https://www.facebook.com/marketplace/item/1046007890401409/"
              }
            },
            {
              "timestamp": 1730982051,
              "data": {
                "name": "Cricut Joy",
                "uri": "https://www.facebook.com/marketplace/item/913390393994512/"
              }
            },
            {
              "timestamp": 1730982040,
              "data": {
                "name": "Brother embroidery machine PE800",
                "uri": "https://www.facebook.com/marketplace/item/8874800905874997/"
              }
            },
            {
              "timestamp": 1730982008,
              "data": {
                "name": "Samsung 65 inch tv",
                "uri": "https://www.facebook.com/marketplace/item/480337707691137/"
              }
            },
            {
              "timestamp": 1730982003,
              "data": {
                "name": "2 Toni boxes, various tonies, 1 set of headphones and a travel case -  as good as new",
                "uri": "https://www.facebook.com/marketplace/item/404229736092595/"
              }
            },
            {
              "timestamp": 1730981991,
              "data": {
                "name": "Toy storage organiser",
                "uri": "https://www.facebook.com/marketplace/item/1082371603344584/"
              }
            },
            {
              "timestamp": 1730981985,
              "data": {
                "name": "Trofast storage",
                "uri": "https://www.facebook.com/marketplace/item/1594628987809762/"
              }
            },
            {
              "timestamp": 1730981979,
              "data": {
                "name": "Vtech baby monitor",
                "uri": "https://www.facebook.com/marketplace/item/792726346369006/"
              }
            },
            {
              "timestamp": 1730981946,
              "data": {
                "name": "PC monitors to sell in lots",
                "uri": "https://www.facebook.com/marketplace/item/548722871105917/"
              }
            },
            {
              "timestamp": 1730981928,
              "data": {
                "name": "Nintendo switch",
                "uri": "https://www.facebook.com/marketplace/item/511745398679528/"
              }
            },
            {
              "timestamp": 1730981893,
              "data": {
                "name": "free piano",
                "uri": "https://www.facebook.com/marketplace/item/1020799623418410/"
              }
            },
            {
              "timestamp": 1730981884,
              "data": {
                "name": "White Shoe Storage Cabinet with Drawer + Storage Bench",
                "uri": "https://www.facebook.com/marketplace/item/542952318453629/"
              }
            }
          ]
        }
      ]
    }
  ]
}