{
  "visited_things_v2": [
    {
      "name": "Profile visits",
      "description": "People whose profiles you've visited",
      "entries": [
        {
          "timestamp": 1731947684,
          "data": {
            "name": "Greek Garden Maine Coons",
            "uri": "https://www.facebook.com/profile.php?id=61552334129094"
          }
        },
        {
          "timestamp": 1730983758,
          "data": {
            "name": "Osman Mahmud",
            "uri": "https://www.facebook.com/profile.php?id=100090566234016"
          }
        },
        {
          "timestamp": 1730983649,
          "data": {
            "name": "Hannah Gadsby",
            "uri": "https://www.facebook.com/hannahgadsbycomedy"
          }
        },
        {
          "timestamp": 1730983306,
          "data": {
            "name": "I want someone",
            "uri": "https://www.facebook.com/Iwtbwswwgtom"
          }
        },
        {
          "timestamp": 1730982304,
          "data": {
            "name": "Geo Dag",
            "uri": "https://www.facebook.com/profile.php?id=61568298782340"
          }
        },
        {
          "timestamp": 1730981822,
          "data": {
            "name": "Animal Bites with Dave Salmoni",
            "uri": "https://www.facebook.com/animalbitesapl"
          }
        },
        {
          "timestamp": 1730981745,
          "data": {
            "name": "Science Channel",
            "uri": "https://www.facebook.com/ScienceChannel"
          }
        },
        {
          "timestamp": 1730981721,
          "data": {
            "name": "National Geographic",
            "uri": "https://www.facebook.com/natgeo"
          }
        },
        {
          "timestamp": 1730981698,
          "data": {
            "name": "The Economist",
            "uri": "https://www.facebook.com/TheEconomist"
          }
        }
      ]
    },
    {
      "name": "Page visits",
      "description": "Pages you've visited",
      "entries": [
        {
          "timestamp": 1731947684,
          "data": {
            "name": "Greek Garden Maine Coons",
            "uri": "https://facebook.com/61552334129094"
          }
        },
        {
          "timestamp": 1730983758,
          "data": {
            "name": "Osman Mahmud",
            "uri": "https://facebook.com/100090566234016"
          }
        },
        {
          "timestamp": 1730983649,
          "data": {
            "name": "Hannah Gadsby",
            "uri": "https://facebook.com/hannahgadsbycomedy"
          }
        },
        {
          "timestamp": 1730983306,
          "data": {
            "name": "I want someone",
            "uri": "https://facebook.com/Iwtbwswwgtom"
          }
        },
        {
          "timestamp": 1730981822,
          "data": {
            "name": "Animal Bites with Dave Salmoni",
            "uri": "https://facebook.com/animalbitesapl"
          }
        },
        {
          "timestamp": 1730981746,
          "data": {
            "name": "Science Channel",
            "uri": "https://facebook.com/ScienceChannel"
          }
        },
        {
          "timestamp": 1730981721,
          "data": {
            "name": "National Geographic",
            "uri": "https://facebook.com/natgeo"
          }
        },
        {
          "timestamp": 1730981698,
          "data": {
            "name": "The Economist",
            "uri": "https://facebook.com/TheEconomist"
          }
        }
      ]
    },
    {
      "name": "Events visited",
      "description": "Event pages you've visited",
      "entries": [
        {
          "timestamp": 1730983380,
          "data": {
            "name": "Hannah Gadsby - Woof!",
            "uri": "https://www.facebook.com/events/748356790776055/"
          }
        },
        {
          "timestamp": 1730983357,
          "data": {
            "name": "Micky Flanagan - If Ever we needed it...",
            "uri": "https://www.facebook.com/events/1319379425871166/"
          }
        },
        {
          "timestamp": 1730983354,
          "data": {
            "name": "Dzem",
            "uri": "https://www.facebook.com/events/428924632841644/"
          }
        },
        {
          "timestamp": 1730983348,
          "data": {
            "name": "Bob Dylan - Rough and Rowdy Ways",
            "uri": "https://www.facebook.com/events/8695934800433678/"
          }
        },
        {
          "timestamp": 1730983346,
          "data": {
            "name": "Grand Opening Reading Winter Wonderland ",
            "uri": "https://www.facebook.com/events/903179518343877/"
          }
        }
      ]
    },
    {
      "name": "Groups visited",
      "description": "Groups you've recently visited",
      "entries": [
        {
          "timestamp": 1730981655,
          "data": {
            "name": "Women Rising Together",
            "uri": "https://www.facebook.com/groups/1646954709402658/"
          }
        },
        {
          "timestamp": 1730981624,
          "data": {
            "name": "Nail Designs Ideas",
            "uri": "https://www.facebook.com/groups/545913167518053/"
          }
        },
        {
          "timestamp": 1730981617,
          "data": {
            "name": "Positive Quotes",
            "uri": "https://www.facebook.com/groups/2044837502360663/"
          }
        },
        {
          "timestamp": 1730981521,
          "data": {
            "name": "Home Cooking",
            "uri": "https://www.facebook.com/groups/httpsbit.ly2bwrvek/"
          }
        },
        {
          "timestamp": 1730981516,
          "data": {
            "name": "Yummy food recipes",
            "uri": "https://www.facebook.com/groups/864895791440274/"
          }
        },
        {
          "timestamp": 1730981511,
          "data": {
            "name": "Daily English Speaking",
            "uri": "https://www.facebook.com/groups/289155187003316/"
          }
        },
        {
          "timestamp": 1730981507,
          "data": {
            "name": "Salad Recipes",
            "uri": "https://www.facebook.com/groups/3865851630143643/"
          }
        },
        {
          "timestamp": 1730981503,
          "data": {
            "name": "Laugh all the day!",
            "uri": "https://www.facebook.com/groups/310725871410503/"
          }
        },
        {
          "timestamp": 1730981480,
          "data": {
            "name": "LIFE LESSON",
            "uri": "https://www.facebook.com/groups/855249678713942/"
          }
        }
      ]
    },
    {
      "name": "Marketplace visits",
      "description": "Dates you've visited Marketplace",
      "entries": [
        {
          "data": {
            "value": "7 Nov 2024"
          }
        }
      ]
    }
  ]
}