{
  "account_activity_v2": [
    {
      "action": "Login",
      "timestamp": 1731947408,
      "ip_address": "81.98.165.127",
      "user_agent": "Mozilla/5.0 (iPhone; CPU iPhone OS 17_6_1 like Mac OS X) AppleWebKit/605.1.15 (KHTML, like Gecko) Mobile/21G93 [FBAN/FBIOS;FBAV/490.1.0.49.107;FBBV/663124541;FBDV/iPhone14,4;FBMD/iPhone;FBSN/iOS;FBSV/17.6.1;FBSS/3;FBID/phone;FBLC/en_US;FBOP/5;FBRV/0]",
      "datr_cookie": "rTtF********************",
      "city": "Staines",
      "region": "England",
      "country": "GB"
    },
    {
      "action": "Login",
      "timestamp": 1731615379,
      "ip_address": "81.98.165.127",
      "user_agent": "Mozilla/5.0 (Macintosh; Intel Mac OS X 10_15_7) AppleWebKit/537.36 (KHTML, like Gecko) Chrome/130.0.0.0 Safari/537.36",
      "datr_cookie": "u1Mm********************",
      "city": "Staines",
      "region": "England",
      "country": "GB"
    },
    {
      "action": "Web Session Terminated",
      "timestamp": 1731615379,
      "ip_address": "81.98.165.127",
      "user_agent": "Mozilla/5.0 (Macintosh; Intel Mac OS X 10_15_7) AppleWebKit/537.36 (KHTML, like Gecko) Chrome/130.0.0.0 Safari/537.36",
      "datr_cookie": "u1Mm********************",
      "city": "Staines",
      "region": "England",
      "country": "GB",
      "site_name": "www.facebook.com"
    },
    {
      "action": "Login",
      "timestamp": 1731615293,
      "ip_address": "81.98.165.127",
      "user_agent": "Mozilla/5.0 (Macintosh; Intel Mac OS X 10_15_7) AppleWebKit/537.36 (KHTML, like Gecko) Chrome/130.0.0.0 Safari/537.36",
      "datr_cookie": "u1Mm********************",
      "city": "Staines",
      "region": "England",
      "country": "GB"
    },
    {
      "action": "Web Session Terminated",
      "timestamp": 1731615293,
      "ip_address": "81.98.165.127",
      "user_agent": "Mozilla/5.0 (Macintosh; Intel Mac OS X 10_15_7) AppleWebKit/537.36 (KHTML, like Gecko) Chrome/130.0.0.0 Safari/537.36",
      "datr_cookie": "u1Mm********************",
      "city": "Staines",
      "region": "England",
      "country": "GB",
      "site_name": "www.facebook.com"
    },
    {
      "action": "Login",
      "timestamp": 1731614935,
      "ip_address": "81.98.165.127",
      "user_agent": "Mozilla/5.0 (Macintosh; Intel Mac OS X 10_15_7) AppleWebKit/537.36 (KHTML, like Gecko) Chrome/130.0.0.0 Safari/537.36",
      "datr_cookie": "u1Mm********************",
      "city": "Staines",
      "region": "England",
      "country": "GB"
    },
    {
      "action": "Session updated",
      "timestamp": 1731614908,
      "ip_address": "81.98.165.127",
      "user_agent": "Mozilla/5.0 (Macintosh; Intel Mac OS X 10_15_7) AppleWebKit/537.36 (KHTML, like Gecko) Chrome/130.0.0.0 Safari/537.36",
      "datr_cookie": "u1Mm********************",
      "city": "Staines",
      "region": "England",
      "country": "GB",
      "site_name": "www.facebook.com"
    },
    {
      "action": "Login",
      "timestamp": 1730983403,
      "ip_address": "81.98.165.127",
      "user_agent": "Mozilla/5.0 (Macintosh; Intel Mac OS X 10_15_7) AppleWebKit/537.36 (KHTML, like Gecko) Chrome/129.0.0.0 Safari/537.36",
      "datr_cookie": "u1Mm********************",
      "city": "Staines",
      "region": "England",
      "country": "GB",
      "site_name": "www.facebook.com"
    },
    {
      "action": "Web Session Terminated",
      "timestamp": 1730983395,
      "ip_address": "81.98.165.127",
      "user_agent": "Mozilla/5.0 (Macintosh; Intel Mac OS X 10_15_7) AppleWebKit/537.36 (KHTML, like Gecko) Chrome/129.0.0.0 Safari/537.36",
      "datr_cookie": "u1Mm********************",
      "city": "Staines",
      "region": "England",
      "country": "GB",
      "site_name": "www.facebook.com"
    },
    {
      "action": "Api Session Terminated",
      "timestamp": 1730983395,
      "ip_address": "81.98.165.127",
      "user_agent": "Mozilla/5.0 (Macintosh; Intel Mac OS X 10_15_7) AppleWebKit/537.36 (KHTML, like Gecko) Chrome/129.0.0.0 Safari/537.36",
      "datr_cookie": "u1Mm********************",
      "city": "Staines",
      "region": "England",
      "country": "GB",
      "site_name": "www.facebook.com"
    },
    {
      "action": "Email Added",
      "timestamp": 1730981333,
      "ip_address": "81.98.165.127",
      "user_agent": "Mozilla/5.0 (Macintosh; Intel Mac OS X 10_15_7) AppleWebKit/537.36 (KHTML, like Gecko) Chrome/129.0.0.0 Safari/537.36",
      "datr_cookie": "u1Mm********************",
      "city": "Staines",
      "region": "England",
      "country": "GB",
      "site_name": "www.facebook.com"
    },
    {
      "action": "Login",
      "timestamp": 1730981108,
      "ip_address": "81.98.165.127",
      "user_agent": "Mozilla/5.0 (Macintosh; Intel Mac OS X 10_15_7) AppleWebKit/537.36 (KHTML, like Gecko) Chrome/129.0.0.0 Safari/537.36",
      "datr_cookie": "u1Mm********************",
      "city": "Staines",
      "region": "England",
      "country": "GB",
      "site_name": "www.facebook.com"
    }
  ]
}