[
  {
    "media": [
      
    ],
    "label_values": [
      {
        "ent_field_name": "AutoLoginTime",
        "label": "Login time",
        "timestamp_value": 0
      },
      {
        "ent_field_name": "HashedCookieValue",
        "label": "Browser cookie",
        "value": "7b9a89316ef6e8f384f627d4bb1005eef29dcc2e1ac50f035efb8806759edaf8"
      }
    ],
    "fbid": "122107904780609959",
    "ent_name": "EntDeviceLoginUser"
  },
  {
    "media": [
      
    ],
    "label_values": [
      {
        "ent_field_name": "AutoLoginTime",
        "label": "Login time",
        "timestamp_value": 0
      },
      {
        "ent_field_name": "HashedCookieValue",
        "label": "Browser cookie",
        "value": "4f6dd938f0aa86a1c5092b5a28bdcdcb348088f3d791c0d94bd462193a77f2d6"
      }
    ],
    "fbid": "122098537610609959",
    "ent_name": "EntDeviceLoginUser"
  }
]