{
  "media": [
    
  ],
  "label_values": [
    {
      "ent_field_name": "LastLoginTime",
      "label": "Last login time",
      "timestamp_value": 1731947404
    },
    {
      "ent_field_name": "LastLoginTimeCredentialType",
      "label": "Credential type of last login attempt",
      "dict": [
        {
          "ent_field_name": "LastLoginTimeCredentialType.key",
          "timestamp_value": 1730981094
        },
        {
          "ent_field_name": "LastLoginTimeCredentialType.key",
          "timestamp_value": 1730983402
        },
        {
          "ent_field_name": "LastLoginTimeCredentialType.key",
          "timestamp_value": 1731947404
        }
      ]
    },
    {
      "ent_field_name": "LastLoginFailureTime",
      "label": "Last login failure time",
      "timestamp_value": 0
    }
  ],
  "fbid": "122098537580609959",
  "ent_name": "EntLoginSuccess"
}