{
  "login_protection_data_v2": [
    {
      "name": "Cookie: rTtF********************",
      "session": {
        "created_timestamp": 1731947404
      }
    },
    {
      "name": "Cookie: u1Mm********************",
      "session": {
        "created_timestamp": 1730981094,
        "updated_timestamp": 1731614908
      }
    },
    {
      "name": "IP address: 81.98.165.127",
      "session": {
        "created_timestamp": 1730981094,
        "updated_timestamp": 1731614908,
        "ip_address": "81.98.165.127"
      }
    },
    {
      "name": "Estimated location inferred from IP 51.432, -0.488",
      "session": {
        "created_timestamp": 1730981094,
        "updated_timestamp": 1731614908
      }
    }
  ]
}