{
  "account_accesses_v2": [
    {
      "action": "Login",
      "timestamp": 1731947408,
      "site": "www.facebook.com",
      "ip_address": "81.98.165.127"
    },
    {
      "action": "Log out",
      "timestamp": 1731615379,
      "site": "www.facebook.com",
      "ip_address": "81.98.165.127"
    },
    {
      "action": "Login",
      "timestamp": 1731615379,
      "site": "www.facebook.com",
      "ip_address": "81.98.165.127"
    },
    {
      "action": "Log out",
      "timestamp": 1731615293,
      "site": "www.facebook.com",
      "ip_address": "81.98.165.127"
    },
    {
      "action": "Login",
      "timestamp": 1731614935,
      "site": "www.facebook.com",
      "ip_address": "81.98.165.127"
    },
    {
      "action": "Login",
      "timestamp": 1730983403,
      "site": "www.facebook.com",
      "ip_address": "81.98.165.127"
    },
    {
      "action": "Log out",
      "timestamp": 1730983395,
      "site": "www.facebook.com",
      "ip_address": "81.98.165.127"
    },
    {
      "action": "Login",
      "timestamp": 1730981108,
      "site": "www.facebook.com",
      "ip_address": "81.98.165.127"
    }
  ]
}