{
  "devices_v2": [
    {
      "type": "iPhone14,4",
      "os": "iPhone OS 17.6.1",
      "update_time": 1731947326,
      "advertiser_id": "33b2b756-88dc-4675-bf07-9237d6ec411d",
      "redact_tokens": [
        "6a13********************"
      ],
      "push_tokens": [
        {
          "disabled": false,
          "client_update_time": 1731947413,
          "creation_time": 1731947413,
          "app_version": "490.1.0.49.107",
          "locale": "en_US",
          "os_version": "17.6.1",
          "token": "6a13********************",
          "device_id": "F7200B87-9DD6-4775-884C-6302F1C0977F"
        }
      ],
      "family_device_id": "63400AA8****************************",
      "device_locale": "en_US"
    }
  ]
}