{
  "admin_records_v2": [
    {
      "event": "Checkpoint completed",
      "session": {
        "created_timestamp": 1730983402,
        "ip_address": "81.98.165.127",
        "user_agent": "Mozilla/5.0 (Macintosh; Intel Mac OS X 10_15_7) AppleWebKit/537.36 (KHTML, like Gecko) Chrome/129.0.0.0 Safari/537.36",
        "datr_cookie": "u1Mm********************"
      }
    },
    {
      "event": "Checkpoint",
      "session": {
        "created_timestamp": 1730983395,
        "ip_address": "81.98.165.127",
        "user_agent": "Mozilla/5.0 (Macintosh; Intel Mac OS X 10_15_7) AppleWebKit/537.36 (KHTML, like Gecko) Chrome/129.0.0.0 Safari/537.36",
        "datr_cookie": "u1Mm********************"
      }
    },
    {
      "event": "Name Change",
      "session": {
        "created_timestamp": 1730982426,
        "ip_address": "81.98.165.127",
        "user_agent": "Mozilla/5.0 (Macintosh; Intel Mac OS X 10_15_7) AppleWebKit/537.36 (KHTML, like Gecko) Chrome/129.0.0.0 Safari/537.36",
        "datr_cookie": "u1Mm********************"
      },
      "extra_info": {
        "old_name": "Georgia Dagher",
        "new_name": "Geo Dag",
        "old_number": "",
        "old_vanity": "",
        "new_vanity": "",
        "old_email": "",
        "new_email": "",
        "new_number": ""
      }
    },
    {
      "event": "Checkpoint completed",
      "session": {
        "created_timestamp": 1730981338,
        "ip_address": "81.98.165.127",
        "user_agent": "Mozilla/5.0 (Macintosh; Intel Mac OS X 10_15_7) AppleWebKit/537.36 (KHTML, like Gecko) Chrome/129.0.0.0 Safari/537.36",
        "datr_cookie": "u1Mm********************"
      }
    },
    {
      "event": "Email change",
      "session": {
        "created_timestamp": 1730981335,
        "ip_address": "81.98.165.127",
        "user_agent": "Mozilla/5.0 (Macintosh; Intel Mac OS X 10_15_7) AppleWebKit/537.36 (KHTML, like Gecko) Chrome/129.0.0.0 Safari/537.36",
        "datr_cookie": "u1Mm********************"
      },
      "extra_info": {
        "old_name": "",
        "new_name": "",
        "old_number": "",
        "old_vanity": "",
        "new_vanity": "",
        "old_email": "",
        "new_email": "georgia.dagher@rhul.ac.uk",
        "new_number": ""
      }
    },
    {
      "event": "Checkpoint",
      "session": {
        "created_timestamp": 1730981107,
        "ip_address": "81.98.165.127",
        "user_agent": "Mozilla/5.0 (Macintosh; Intel Mac OS X 10_15_7) AppleWebKit/537.36 (KHTML, like Gecko) Chrome/129.0.0.0 Safari/537.36",
        "datr_cookie": "u1Mm********************"
      }
    }
  ]
}