{
  "timestamp": 1730981106,
  "media": [
    
  ],
  "label_values": [
    {
      "ent_field_name": "RegAppName",
      "label": "App used for registration",
      "value": "www"
    },
    {
      "ent_field_name": "RegContactpoint",
      "label": "Contact information used for registration",
      "value": "georgia.dagher@rhul.ac.uk"
    },
    {
      "ent_field_name": "PhoneVerifCountInPastYear",
      "label": "Number of times that your phone number was verified in the past month",
      "value": "0"
    },
    {
      "ent_field_name": "UpdateTime",
      "label": "Update time",
      "timestamp_value": 1731947415
    }
  ],
  "fbid": "122098537448609959",
  "ent_name": "EntAccountRegistrationData"
}