{
  "media": [
    
  ],
  "label_values": [
    {
      "ent_field_name": "State",
      "label": "County/region",
      "value": "Disabled"
    },
    {
      "ent_field_name": "CreationTime",
      "label": "Creation time",
      "timestamp_value": 1730981102
    },
    {
      "ent_field_name": "UpdateTime",
      "label": "Update time",
      "timestamp_value": 1730981102
    },
    {
      "ent_field_name": "EnabledTime",
      "label": "Enabled time",
      "timestamp_value": 0
    }
  ],
  "fbid": "1097413018712556",
  "ent_name": "EntTwoFactor"
}