{
  "active_sessions_v2": [
    {
      "created_timestamp": 1731947406,
      "ip_address": "81.98.165.127",
      "user_agent": "Mozilla/5.0 (iPhone; CPU iPhone OS 17_6_1 like Mac OS X) AppleWebKit/605.1.15 (KHTML, like Gecko) Mobile/21G93 [FBAN/FBIOS;FBAV/490.1.0.49.107;FBBV/663124541;FBDV/iPhone14,4;FBMD/iPhone;FBSN/iOS;FBSV/17.6.1;FBSS/3;FBID/phone;FBLC/en_US;FBOP/5;FBRV/0]",
      "datr_cookie": "rTtF********************",
      "device": "iPhone 13 mini",
      "location": "Staines, United Kingdom",
      "app": "Facebook app",
      "session_type": "iphone"
    },
    {
      "created_timestamp": 1731615378,
      "ip_address": "81.98.165.127",
      "user_agent": "Mozilla/5.0 (Macintosh; Intel Mac OS X 10_15_7) AppleWebKit/537.36 (KHTML, like Gecko) Chrome/130.0.0.0 Safari/537.36",
      "datr_cookie": "u1Mm********************",
      "device": "Device type unknown",
      "location": "Staines, United Kingdom",
      "app": "",
      "session_type": "instagram"
    },
    {
      "created_timestamp": 1730983403,
      "updated_timestamp": 1731614908,
      "ip_address": "81.98.165.127",
      "user_agent": "Mozilla/5.0 (Macintosh; Intel Mac OS X 10_15_7) AppleWebKit/537.36 (KHTML, like Gecko) Chrome/130.0.0.0 Safari/537.36",
      "datr_cookie": "u1Mm********************",
      "device": "Mac",
      "location": "Staines, United Kingdom",
      "app": "Chrome",
      "session_type": "web"
    }
  ]
}