{
  "avatar_marketplace_avatar_items": [
    {
      "item": "https://www.facebook.com/images/assets_DO_NOT_HARDCODE/horizon_icons/quest_128_Tintable.png",
      "type": "FREE",
      "acquisition_time": 1730983252
    },
    {
      "item": "https://www.facebook.com/images/assets_DO_NOT_HARDCODE/horizon_icons/quest_128_Tintable.png",
      "type": "FREE",
      "acquisition_time": 1730983252
    },
    {
      "item": "https://static.xx.fbcdn.net/rsrc.php/v3/yT/r/p8qQhh_3Eca.png",
      "type": "FREE",
      "acquisition_time": 1730983252
    },
    {
      "item": "https://www.facebook.com/images/assets_DO_NOT_HARDCODE/horizon_icons/quest_128_Tintable.png",
      "type": "FREE",
      "acquisition_time": 1730983252
    },
    {
      "item": "https://www.facebook.com/images/assets_DO_NOT_HARDCODE/horizon_icons/quest_128_Tintable.png",
      "type": "FREE",
      "acquisition_time": 1730983252
    },
    {
      "item": "https://www.facebook.com/images/assets_DO_NOT_HARDCODE/horizon_icons/quest_128_Tintable.png",
      "type": "FREE",
      "acquisition_time": 1730983252
    }
  ]
}